motion_thresh,med_rsq,CI_95,med_icc,CI_95_icc,n,age_l,age_u
45.0,0.91135021846,0.148946858855,0.956012454764,0.0670918179144,30.0,13.0,16.0
50.0,0.91305104545,0.118468520472,0.956621310262,0.054561465151,30.0,13.0,16.0
10.0,0.954504915759,0.074393853663,0.977735471683,0.0357181828161,300.0,14.0,17.0
30.0,0.982465502025,0.0251216385021,0.991383845995,0.0118719324787,300.0,11.0,14.0
20.0,0.945976312901,0.0550803947964,0.9732649532,0.0276287313546,210.0,6.0,9.0
20.0,0.976282744924,0.0272996432669,0.98816392315,0.0140045810936,240.0,9.0,12.0
20.0,0.978401071242,0.0204202305302,0.989135565858,0.0101195905814,180.0,13.0,16.0
25.0,0.981677047102,0.0135231205146,0.990910149064,0.00681867141793,270.0,11.0,14.0
15.0,0.973923288805,0.0354055199586,0.98686718758,0.0180344565391,180.0,14.0,17.0
40.0,0.967978387893,0.0665320594986,0.984380212521,0.0323484369497,90.0,14.0,17.0
15.0,0.965188464863,0.0415761789359,0.982666012433,0.0195952721857,210.0,15.0,18.0
20.0,0.97132218843,0.047380329552,0.985724254056,0.0230729529874,90.0,11.0,14.0
5.0,0.929637861435,0.0730990802827,0.964848564872,0.0354476600288,120.0,7.0,10.0
30.0,0.971498621933,0.0399669555136,0.985857000265,0.0210091252746,180.0,15.0,18.0
15.0,0.95136951213,0.0950006399258,0.976266597366,0.0442376445033,180.0,7.0,10.0
30.0,0.953257509551,0.0453343182084,0.976693701684,0.0227607858293,120.0,6.0,9.0
35.0,0.978352759867,0.033236369955,0.988944479379,0.016965192156,300.0,10.0,13.0
15.0,0.972252474953,0.0424287499203,0.985956297229,0.0215499888256,270.0,13.0,16.0
45.0,0.980526731778,0.026336310401,0.990280789787,0.0131255490255,270.0,13.0,16.0
5.0,0.968625463788,0.0331268984726,0.983854098302,0.0168572073931,300.0,13.0,16.0
45.0,0.956157735897,0.0640193131129,0.978267645934,0.0296170004962,150.0,6.0,9.0
40.0,0.977448329821,0.0413803063622,0.988748366622,0.0200310950791,120.0,13.0,16.0
25.0,0.954886043755,0.0667608382724,0.977477980881,0.0323803021858,60.0,13.0,16.0
35.0,0.978770434604,0.0325772982696,0.98936979187,0.0163669924317,120.0,11.0,14.0
15.0,0.979840876375,0.0181632251935,0.990003746665,0.00895093976249,300.0,11.0,14.0
10.0,0.978308365996,0.0203684712759,0.989111172029,0.00977403301456,210.0,11.0,14.0
50.0,0.970638970123,0.0360525582924,0.985380546068,0.0177687989078,90.0,13.0,16.0
35.0,0.977084440473,0.0372367339178,0.988621671259,0.0197012234801,120.0,9.0,12.0
30.0,0.979278778375,0.0226064153194,0.989629575657,0.0109663223598,270.0,13.0,16.0
5.0,0.970232481025,0.0304804840206,0.984902347961,0.0158757899803,90.0,13.0,16.0
45.0,0.982284842466,0.0238167671985,0.99101008994,0.0116238287499,300.0,12.0,15.0
45.0,0.982889088131,0.0198100629582,0.991339825509,0.00952978705632,180.0,12.0,15.0
25.0,0.9764853327,0.0333662930124,0.98814752011,0.0171473743004,180.0,10.0,13.0
40.0,0.976694210127,0.0355541656846,0.988373573717,0.016955302164,270.0,14.0,17.0
50.0,0.95604111199,0.0648837757886,0.977426904786,0.0296673597189,210.0,6.0,9.0
30.0,0.970530441992,0.0489689141264,0.985398083233,0.0234644821446,90.0,11.0,14.0
40.0,0.916262032881,0.129401986412,0.95794938608,0.0574581510421,30.0,11.0,14.0
50.0,0.956759714863,0.0454820924954,0.978266308125,0.0215181246222,270.0,6.0,9.0
20.0,0.978280634302,0.0201168224209,0.989253678881,0.00999778444039,270.0,13.0,16.0
40.0,0.956637438362,0.0669427097316,0.978274218212,0.0306724109388,60.0,10.0,13.0
5.0,0.955868253726,0.0419654466789,0.977508567708,0.0200699783696,150.0,9.0,12.0
45.0,0.977925648532,0.0271052914286,0.988939520792,0.0138284523085,120.0,13.0,16.0
10.0,0.909043105082,0.116182893793,0.954178658798,0.0533874847946,30.0,9.0,12.0
20.0,0.978427937196,0.0223446296534,0.989211233394,0.0105930349964,120.0,11.0,14.0
15.0,0.968774944511,0.045020737107,0.98439677264,0.02207350823,90.0,14.0,17.0
10.0,0.936707321164,0.0681639399174,0.968078920546,0.0350241357972,270.0,6.0,9.0
45.0,0.978378762338,0.0336290174221,0.989217782937,0.0164414141126,150.0,8.0,11.0
40.0,0.981779748459,0.0275220594547,0.9908231685,0.0141666890083,150.0,10.0,13.0
40.0,0.957248733375,0.0364990717055,0.978747865324,0.0187805833692,270.0,6.0,9.0
10.0,0.977051183021,0.0167604167796,0.98843985002,0.00808581791943,300.0,11.0,14.0
45.0,0.958490246556,0.0593579226012,0.979085893699,0.0285152160635,60.0,12.0,15.0
15.0,0.974767189221,0.0211168059847,0.987353296291,0.0109142103034,270.0,14.0,17.0
15.0,0.979178210849,0.0204938820975,0.989447281006,0.0101504385717,120.0,12.0,15.0
20.0,0.974753359614,0.0312917607784,0.987199393617,0.0165033937282,120.0,10.0,13.0
20.0,0.963603701566,0.0582047857594,0.981914150065,0.0266292156799,180.0,8.0,11.0
15.0,0.972927625377,0.0292101678316,0.986344709682,0.0147258652758,90.0,11.0,14.0
40.0,0.981079853113,0.0281794956846,0.990461959531,0.0143705691591,180.0,10.0,13.0
35.0,0.954965172583,0.0456253364581,0.977762600196,0.0226058940455,270.0,6.0,9.0
10.0,0.954192682815,0.069491469054,0.977543712475,0.0331175412567,180.0,14.0,17.0
45.0,0.973952863612,0.0375434211881,0.986786464965,0.0192747504736,240.0,10.0,13.0
50.0,0.979466046055,0.0443991716998,0.989746617536,0.0227723217202,210.0,10.0,13.0
15.0,0.970453554005,0.0566719184665,0.985380972169,0.0284679734877,180.0,13.0,16.0
5.0,0.954878540331,0.0409378051731,0.977495540427,0.0208102098167,120.0,15.0,18.0
20.0,0.981126889333,0.0178797881621,0.990507273309,0.00919476892305,270.0,12.0,15.0
10.0,0.937576576603,0.0610320953924,0.968358415531,0.0315405603764,60.0,6.0,9.0
20.0,0.956935748122,0.0507715580808,0.978726001192,0.0238635491847,60.0,9.0,12.0
15.0,0.976781428889,0.0204228048908,0.98813875888,0.0104771702086,300.0,10.0,13.0
30.0,0.913638246262,0.164758886629,0.956130942685,0.0780301791827,30.0,14.0,17.0
45.0,0.969578367026,0.0436140613514,0.985101597004,0.0210024806877,240.0,7.0,10.0
20.0,0.978351060382,0.0226044385841,0.989087365373,0.0107350157454,120.0,13.0,16.0
20.0,0.913364459792,0.167423743934,0.956240686027,0.0825370284755,30.0,14.0,17.0
30.0,0.952633353312,0.0600930765058,0.976368172798,0.0308778934115,60.0,8.0,11.0
25.0,0.952690930463,0.0700784022949,0.97606672162,0.036900410404,120.0,6.0,9.0
5.0,0.931171468234,0.0652014798997,0.965413563902,0.0332712247377,180.0,7.0,10.0
5.0,0.954497741445,0.0425687339795,0.976996308519,0.0204703254419,300.0,9.0,12.0
10.0,0.96464382733,0.0331336814832,0.982452241248,0.0163769127432,240.0,8.0,11.0
10.0,0.970333056366,0.0443128860291,0.985270696582,0.0212509755255,90.0,14.0,17.0
5.0,0.971607942691,0.0184945872912,0.985814350533,0.00946372793978,150.0,12.0,15.0
5.0,0.960293546664,0.0388580743746,0.980010678355,0.0192442860811,300.0,10.0,13.0
5.0,0.95774316198,0.0309651125497,0.978760109215,0.0151735618591,210.0,15.0,18.0
30.0,0.971739378069,0.032877641163,0.985987889888,0.0168383422175,210.0,15.0,18.0
25.0,0.981482880832,0.0258421959848,0.990754740852,0.0131443666122,180.0,11.0,14.0
15.0,0.969661762972,0.0426987970123,0.984973712999,0.0209235151223,90.0,13.0,16.0
35.0,0.908052477629,0.133386457415,0.954116636778,0.065229947912,30.0,8.0,11.0
50.0,0.969868314436,0.0529397135437,0.985027992121,0.0247346132368,90.0,9.0,12.0
50.0,0.977814634243,0.043556485998,0.988777924017,0.0222490305005,120.0,10.0,13.0
50.0,0.973271443339,0.037910477143,0.98656583248,0.0197001477746,180.0,15.0,18.0
5.0,0.956203110215,0.0438515585389,0.978014011316,0.0207897277907,240.0,9.0,12.0
35.0,0.956724554967,0.0512694920965,0.978398581498,0.0265639425521,180.0,6.0,9.0
5.0,0.95673152985,0.0374812919979,0.978134938655,0.0182864538339,60.0,9.0,12.0
10.0,0.955277383813,0.0466950019641,0.977401905374,0.021989805116,180.0,7.0,10.0
25.0,0.958094913966,0.0601384963617,0.978768105077,0.0294100431208,60.0,10.0,13.0
50.0,0.979652039997,0.0348405821022,0.989841446186,0.0168556684821,150.0,13.0,16.0
50.0,0.98316679385,0.025276785919,0.991636710076,0.0128080060316,210.0,12.0,15.0
20.0,0.956894520221,0.0596400384523,0.978267724692,0.0289345289335,60.0,10.0,13.0
30.0,0.969988983823,0.0272618759525,0.985187119344,0.0137239190934,210.0,7.0,10.0
25.0,0.978351897558,0.0201000068462,0.989196334075,0.00969075969295,300.0,9.0,12.0
10.0,0.955452202864,0.0541094410816,0.977990704261,0.0250356842055,60.0,9.0,12.0
40.0,0.956506224944,0.0605359750247,0.978502992408,0.0313418204049,120.0,6.0,9.0
5.0,0.955609589614,0.0581574696043,0.977727743288,0.0279142277964,60.0,14.0,17.0
20.0,0.981470790549,0.0136423090817,0.990703084226,0.00719499659736,210.0,12.0,15.0
40.0,0.95741146758,0.0551666696986,0.978663993643,0.0267219135761,210.0,6.0,9.0
45.0,0.983374573239,0.0200985288579,0.991659558194,0.00973324492167,180.0,11.0,14.0
40.0,0.969717597904,0.0309086044241,0.985166466023,0.0154145449581,150.0,7.0,10.0
40.0,0.969757194647,0.053528291133,0.985017131191,0.0286120242919,90.0,9.0,12.0
15.0,0.91757153411,0.0955005005979,0.95864846863,0.048537016855,30.0,11.0,14.0
20.0,0.979090978625,0.0229111981438,0.989480319854,0.0116569455467,150.0,13.0,16.0
40.0,0.979317343799,0.0311414666081,0.989663858596,0.0164818073561,210.0,9.0,12.0
25.0,0.979952295369,0.0213442129967,0.990032165806,0.0106982245026,240.0,12.0,15.0
10.0,0.968098879589,0.0198287493436,0.984088691737,0.0100659462857,180.0,9.0,12.0
45.0,0.957258940734,0.0628833306545,0.978606184623,0.0287795663786,300.0,6.0,9.0
50.0,0.983416646599,0.0228804085509,0.9917052244,0.0111280078133,210.0,11.0,14.0
30.0,0.976132044715,0.0327401208634,0.988099342243,0.0155386620188,300.0,14.0,17.0
15.0,0.977033081336,0.0258683761697,0.988155366028,0.013413864247,180.0,10.0,13.0
40.0,0.9761586408,0.0239855422844,0.988176699724,0.0123325346116,150.0,8.0,11.0
35.0,0.954917875977,0.0858050228602,0.977806086784,0.038442422317,60.0,10.0,13.0
45.0,0.97710280977,0.0419597987975,0.988386248799,0.0212363464049,180.0,10.0,13.0
15.0,0.963797738094,0.0564233306573,0.98187653489,0.0258241989075,240.0,15.0,18.0
35.0,0.982677745308,0.0212155294398,0.991301590698,0.0109191875355,270.0,11.0,14.0
50.0,0.969459042746,0.0428439065677,0.984905945344,0.020599210036,90.0,12.0,15.0
40.0,0.956924923852,0.0460446855591,0.978723515999,0.023287084019,90.0,6.0,9.0
45.0,0.982790823649,0.01813246632,0.991258810828,0.00905468292212,210.0,12.0,15.0
50.0,0.970944522491,0.0341235819316,0.98555955527,0.0172255285286,240.0,7.0,10.0
30.0,0.909092331356,0.167559720404,0.954593531694,0.0751772219939,30.0,9.0,12.0
15.0,0.972274956105,0.029096279526,0.985633270082,0.0155026775723,240.0,9.0,12.0
30.0,0.970603419624,0.0336640343892,0.985429413861,0.0172146412135,120.0,15.0,18.0
35.0,0.952603459041,0.0965164437715,0.976215155702,0.0434098689547,60.0,9.0,12.0
5.0,0.970615435896,0.0291587006346,0.985310042206,0.0144102412756,240.0,12.0,15.0
10.0,0.93438636373,0.0639222665919,0.966884975233,0.0334693707592,120.0,6.0,9.0
50.0,0.974842991963,0.0392694971918,0.987291705333,0.0205370876393,240.0,8.0,11.0
50.0,0.979278938128,0.021933632848,0.989640350397,0.0106796772418,210.0,13.0,16.0
50.0,0.90470358907,0.218240280622,0.953364825941,0.0970937459909,30.0,6.0,9.0
5.0,0.963368167016,0.0329823628495,0.981791315988,0.0160930390135,90.0,14.0,17.0
50.0,0.982890824525,0.0212326607035,0.991421538957,0.0101908967058,270.0,9.0,12.0
25.0,0.935594121534,0.120080395814,0.969037365163,0.0545449187293,240.0,7.0,10.0
35.0,0.966809706448,0.0437046009925,0.983696208081,0.0198325408202,210.0,7.0,10.0
40.0,0.980618722272,0.0304363287165,0.990149304051,0.0158232680303,240.0,9.0,12.0
25.0,0.97613084972,0.0427176455795,0.987937070652,0.0218834276096,210.0,10.0,13.0
35.0,0.977871865858,0.0264183186298,0.988920743145,0.0130368458613,120.0,8.0,11.0
50.0,0.977901174874,0.0419681686489,0.988797047939,0.0210646893377,150.0,10.0,13.0
5.0,0.962057811742,0.0408031547859,0.981045445217,0.0206374292579,240.0,10.0,13.0
30.0,0.981257389088,0.0304151457551,0.990769969588,0.0143358328191,210.0,11.0,14.0
5.0,0.955556877119,0.0697330118965,0.978106271809,0.0349925806021,60.0,13.0,16.0
30.0,0.952843292391,0.0545537833717,0.976916963076,0.0254567958757,270.0,6.0,9.0
10.0,0.953499637535,0.0462226716139,0.976769521991,0.024072612669,60.0,8.0,11.0
10.0,0.955086665735,0.0453731905739,0.976992880388,0.0215445373104,120.0,7.0,10.0
10.0,0.977880280177,0.0196798500648,0.988701942951,0.0100034887241,150.0,12.0,15.0
15.0,0.957631745552,0.0591424374026,0.978622882105,0.0284962219087,60.0,10.0,13.0
40.0,0.981586647531,0.0339102023302,0.990782090784,0.0175983247723,270.0,10.0,13.0
20.0,0.964403622443,0.0514186185294,0.982381736585,0.0241354878092,90.0,15.0,18.0
5.0,0.933199548797,0.0607610758604,0.966544144945,0.0284636280508,300.0,7.0,10.0
35.0,0.977539276776,0.0395892058629,0.988904234702,0.0188847511614,120.0,14.0,17.0
35.0,0.95742988176,0.0496838295204,0.979020152585,0.0259829755346,210.0,6.0,9.0
50.0,0.982666841906,0.0190171250876,0.991264092367,0.00947884359654,270.0,12.0,15.0
45.0,0.970834438541,0.0491086120581,0.985402435178,0.0232611471056,90.0,9.0,12.0
15.0,0.947655740771,0.0387618402921,0.973461562996,0.020148708271,270.0,6.0,9.0
35.0,0.957124452024,0.0518914392676,0.978681339983,0.02513581455,60.0,6.0,9.0
25.0,0.978338837321,0.0327499772049,0.989027269305,0.0171010084409,300.0,10.0,13.0
35.0,0.977505740707,0.023679248293,0.988724756776,0.0116237456811,270.0,8.0,11.0
5.0,0.958755110149,0.0504794927682,0.979197899802,0.0250309506114,60.0,12.0,15.0
45.0,0.983883583229,0.0215033793922,0.991915257812,0.0108716064651,300.0,11.0,14.0
20.0,0.970988159066,0.0387663155614,0.985497855856,0.018258268147,270.0,14.0,17.0
10.0,0.977378820838,0.021050127466,0.988465219484,0.0108008647986,300.0,12.0,15.0
5.0,0.901737389727,0.138029800127,0.951256521311,0.0666915426312,30.0,7.0,10.0
35.0,0.981843371785,0.0223707768307,0.990939164833,0.0113123921533,240.0,11.0,14.0
45.0,0.952349215408,0.0608196100829,0.976435888792,0.0289527288958,60.0,6.0,9.0
45.0,0.956825707029,0.0691849643005,0.977911854459,0.0331209226064,60.0,11.0,14.0
20.0,0.964789812998,0.0536144584441,0.982552257085,0.0249849488607,120.0,8.0,11.0
5.0,0.96212421778,0.0429498657774,0.980749755895,0.0221111642997,90.0,10.0,13.0
10.0,0.908015518522,0.127380137079,0.95399241107,0.058368626549,30.0,7.0,10.0
45.0,0.95646376883,0.0671693178041,0.978296684791,0.0304087374618,270.0,6.0,9.0
45.0,0.953484018164,0.0534505594269,0.976701085741,0.0267725897577,60.0,15.0,18.0
15.0,0.970203342889,0.0427767707147,0.985133025731,0.0219411530497,120.0,13.0,16.0
15.0,0.975737532294,0.0304347816626,0.987839945676,0.0155305298814,240.0,12.0,15.0
35.0,0.977098372004,0.0232027628613,0.988556961648,0.0114901718016,150.0,8.0,11.0
50.0,0.982361528452,0.0269071606462,0.991118510281,0.0136228455689,240.0,9.0,12.0
45.0,0.981034319081,0.0226978309476,0.990635275353,0.0106137789396,300.0,9.0,12.0
35.0,0.979165809822,0.026254525679,0.989629464094,0.0132172794666,270.0,9.0,12.0
20.0,0.981839733353,0.0153478618358,0.99073928126,0.00815205441691,300.0,12.0,15.0
30.0,0.980288732557,0.0248158443892,0.990105968601,0.0123101395571,180.0,10.0,13.0
40.0,0.982652405032,0.0202956020883,0.991234055176,0.0103700893538,300.0,10.0,13.0
25.0,0.934713545233,0.131315758496,0.968927659237,0.0581089298747,270.0,7.0,10.0
35.0,0.967632780703,0.0403724916472,0.984190296187,0.0210261553208,180.0,7.0,10.0
10.0,0.936641286236,0.0732212584774,0.967926120064,0.0377518369185,180.0,6.0,9.0
10.0,0.961606691546,0.0342973707722,0.981016692296,0.0180275469892,300.0,15.0,18.0
40.0,0.955770950378,0.0512695226238,0.9780548462,0.025078933581,60.0,14.0,17.0
25.0,0.913675775067,0.178069522121,0.956881273787,0.0803382863943,30.0,11.0,14.0
50.0,0.952579377335,0.0817583119881,0.976141336736,0.0376223189845,60.0,6.0,9.0
40.0,0.977690812422,0.0289855643935,0.988770957679,0.0151708509999,240.0,8.0,11.0
15.0,0.968427911258,0.0391583749414,0.984179520438,0.0190403049378,90.0,10.0,13.0
35.0,0.955774206547,0.0572253882148,0.978137821979,0.0279694581731,120.0,6.0,9.0
25.0,0.978960508885,0.0320840255121,0.989286141973,0.0165037418526,150.0,10.0,13.0
35.0,0.967569637,0.038001438106,0.984103637949,0.017858547017,270.0,7.0,10.0
10.0,0.977967665848,0.0164459867881,0.988971629247,0.0080917463867,270.0,11.0,14.0
5.0,0.903538954066,0.117881644313,0.951899824923,0.0558297702115,30.0,9.0,12.0
5.0,0.95136550436,0.0360566859037,0.975803999852,0.0190050159432,210.0,8.0,11.0
25.0,0.953461858427,0.0765242734923,0.97652010269,0.0398577035608,90.0,6.0,9.0
40.0,0.956000542903,0.0431732573879,0.978189980837,0.0217616975339,60.0,12.0,15.0
40.0,0.981537222912,0.0369137840841,0.990815611779,0.0187174428973,180.0,12.0,15.0
30.0,0.910503803515,0.161098162987,0.955581925423,0.0792544746969,30.0,10.0,13.0
35.0,0.977855684761,0.0200687703833,0.98905271022,0.00945002216952,180.0,14.0,17.0
5.0,0.96513761453,0.034953158014,0.982585305771,0.0168881483558,180.0,14.0,17.0
45.0,0.981151212281,0.0327598115334,0.990610726738,0.0156348925329,270.0,9.0,12.0
20.0,0.971917718292,0.051116766762,0.985715235464,0.0258523504126,90.0,13.0,16.0
5.0,0.969907122436,0.0245946856536,0.985053482734,0.0118635692619,120.0,11.0,14.0
20.0,0.968347086847,0.0386554540357,0.984009479073,0.0190472941279,90.0,7.0,10.0
35.0,0.970011753505,0.0456117807229,0.985190764174,0.0233370872179,90.0,8.0,11.0
35.0,0.966833885215,0.0262380780345,0.98388936147,0.0131966229863,150.0,7.0,10.0
35.0,0.912414825021,0.116240978446,0.95672791712,0.0495247965394,30.0,9.0,12.0
40.0,0.912820911121,0.0830689888826,0.955918326632,0.0403571118404,30.0,15.0,18.0
45.0,0.970671177746,0.0537531127876,0.985293062965,0.0269593617475,90.0,10.0,13.0
35.0,0.969868280159,0.0418861780264,0.984751147868,0.0205054347301,90.0,13.0,16.0
30.0,0.976720883642,0.0353201521931,0.988559558535,0.0178013264554,150.0,8.0,11.0
20.0,0.978397753305,0.0228661046374,0.989214155786,0.0117088905495,300.0,13.0,16.0
15.0,0.968900839926,0.0398687663363,0.984216332524,0.0200480815725,210.0,13.0,16.0
25.0,0.954750198804,0.072478485352,0.977182164134,0.0380768242039,180.0,6.0,9.0
35.0,0.978674735783,0.0394079472529,0.989308403634,0.0202190960179,240.0,10.0,13.0
30.0,0.978740501198,0.0188912789077,0.989273628014,0.00995535758498,210.0,9.0,12.0
5.0,0.919206279541,0.0827818688888,0.959378691772,0.0434656621604,180.0,6.0,9.0
50.0,0.972131578134,0.0500868408411,0.985965718512,0.0253103221382,300.0,15.0,18.0
20.0,0.976773678076,0.0280775005539,0.988149384183,0.0144279781258,300.0,10.0,13.0
50.0,0.972179934854,0.0331753978792,0.986057123783,0.0172144878399,300.0,7.0,10.0
20.0,0.973100496061,0.0393156432964,0.986685842651,0.018693705889,300.0,14.0,17.0
30.0,0.981003094542,0.0172627747689,0.99058762055,0.00864405990696,300.0,12.0,15.0
5.0,0.951392703794,0.0441822772086,0.976012922856,0.0224505724296,180.0,8.0,11.0
25.0,0.969424045735,0.0461128098071,0.985081686237,0.0212533725146,180.0,8.0,11.0
25.0,0.976273773416,0.0403001261314,0.988076851054,0.0210398482229,270.0,10.0,13.0
20.0,0.977195010352,0.0306538051895,0.988504522852,0.0158968118434,180.0,9.0,12.0
45.0,0.975859726774,0.0477273767842,0.987725093383,0.0244825532784,300.0,10.0,13.0
40.0,0.970178866917,0.0382305145861,0.985097199762,0.0175854983722,240.0,7.0,10.0
5.0,0.955215930173,0.0485234629073,0.977317722525,0.0229546932205,210.0,9.0,12.0
15.0,0.970954840722,0.0362468717785,0.985097905309,0.0192688980158,120.0,9.0,12.0
45.0,0.97753853789,0.0443939401983,0.988819484047,0.0209995994972,120.0,9.0,12.0
50.0,0.975211214975,0.0349914404018,0.987790133288,0.0182225596789,270.0,8.0,11.0
30.0,0.979122639117,0.0235806866927,0.989609477169,0.0114072578827,240.0,13.0,16.0
50.0,0.972208491309,0.0375264036228,0.985982923375,0.0188959027299,210.0,15.0,18.0
15.0,0.977203353099,0.0266943392949,0.988350620354,0.0141469864563,120.0,10.0,13.0
25.0,0.912234597889,0.106879955863,0.955835745158,0.0508768041876,30.0,9.0,12.0
40.0,0.972413754286,0.0329998119241,0.986280058149,0.0160820401046,180.0,15.0,18.0
20.0,0.947347170069,0.0621108427887,0.973418329266,0.0321688988973,60.0,6.0,9.0
45.0,0.969429721482,0.040699272722,0.984558088407,0.0189588806985,90.0,7.0,10.0
45.0,0.970363125719,0.0339141612385,0.985596767905,0.0171289190658,120.0,7.0,10.0
45.0,0.971940726691,0.0346845615019,0.98591539716,0.0179962352886,150.0,15.0,18.0
50.0,0.980149595128,0.027176440599,0.990073409513,0.0130706053278,240.0,13.0,16.0
15.0,0.969506550021,0.0252375970785,0.984414088302,0.0132985036719,210.0,8.0,11.0
5.0,0.963822467795,0.0351048281251,0.981916942781,0.0167538554092,270.0,14.0,17.0
50.0,0.966389768209,0.0568024646247,0.983100990074,0.0266035437742,90.0,8.0,11.0
50.0,0.982928100296,0.030713402352,0.991470388734,0.0152717473065,150.0,11.0,14.0
10.0,0.963269432675,0.0311973594378,0.981735199598,0.0153511926688,210.0,8.0,11.0
20.0,0.980063339695,0.0273939762502,0.989876464752,0.0140354183818,240.0,11.0,14.0
40.0,0.957573962151,0.0528033613469,0.979141894056,0.0264760107924,150.0,6.0,9.0
5.0,0.951704941955,0.0421029840745,0.976017144979,0.020234235022,90.0,8.0,11.0
25.0,0.969899795766,0.066795377921,0.984787478291,0.0303044330292,90.0,9.0,12.0
30.0,0.955620246724,0.062930186003,0.97805834217,0.0316294680223,60.0,7.0,10.0
25.0,0.969303684552,0.0446012203195,0.984579124728,0.0223186962589,210.0,15.0,18.0
35.0,0.976950415965,0.0256181595402,0.988446786007,0.0131626231681,120.0,13.0,16.0
5.0,0.919378784477,0.0736386914729,0.959913387634,0.0374089985456,30.0,6.0,9.0
50.0,0.969197057084,0.0621442592861,0.984469803378,0.0307148463218,90.0,14.0,17.0
25.0,0.981090278931,0.022784281931,0.990477608029,0.0112965559563,300.0,12.0,15.0
20.0,0.947785754687,0.051348701696,0.973410996671,0.0272720249766,120.0,6.0,9.0
15.0,0.964653536759,0.0640607173595,0.982429408262,0.0304481885857,270.0,15.0,18.0
10.0,0.951755190428,0.0912058410806,0.976146856844,0.0429049121226,120.0,14.0,17.0
15.0,0.976952969449,0.0388578467756,0.988404306849,0.0197156818936,150.0,12.0,15.0
30.0,0.911877653703,0.130851424278,0.95611933229,0.0562526946723,30.0,12.0,15.0
30.0,0.980904498451,0.0192726260251,0.990489874957,0.00945876577691,270.0,12.0,15.0
5.0,0.955132517064,0.0445365533627,0.977237436721,0.0213274554147,90.0,9.0,12.0
20.0,0.976367349822,0.0350758871424,0.987979996405,0.0182133165522,180.0,10.0,13.0
30.0,0.969134050412,0.0474420667671,0.984858398272,0.0248538832786,90.0,14.0,17.0
10.0,0.959199311435,0.0488719285463,0.979448246893,0.0250986002997,150.0,15.0,18.0
20.0,0.96565609784,0.0373670712252,0.983219899491,0.0174118284913,150.0,15.0,18.0
15.0,0.972644258122,0.0282178796968,0.98596665641,0.0153072630924,270.0,9.0,12.0
30.0,0.978811599123,0.0186562952312,0.98934274262,0.00940222406099,150.0,9.0,12.0
10.0,0.912758369215,0.176899321303,0.956569298891,0.0807957991221,30.0,6.0,9.0
20.0,0.961563609502,0.063954580359,0.980971446125,0.0296801357938,240.0,8.0,11.0
25.0,0.969221131249,0.0479255873314,0.984471924506,0.0240230269477,180.0,15.0,18.0
15.0,0.945898448453,0.0853756969745,0.974018959089,0.039040303038,240.0,7.0,10.0
10.0,0.911193669173,0.117686206333,0.954871194471,0.0519728129665,30.0,15.0,18.0
50.0,0.953395883331,0.0701501259644,0.977053768438,0.0357280852996,60.0,13.0,16.0
5.0,0.971762680194,0.0170537517025,0.985927100197,0.00804671501369,240.0,11.0,14.0
20.0,0.980469440724,0.0250866379482,0.990117397485,0.0126146743381,210.0,11.0,14.0
20.0,0.911082196906,0.109641111253,0.955912974676,0.057518069727,30.0,8.0,11.0
5.0,0.913624555422,0.0969708395694,0.957296641974,0.0463749436772,30.0,13.0,16.0
15.0,0.974426665899,0.0251432248204,0.986960298533,0.012943619868,150.0,14.0,17.0
10.0,0.972332215013,0.0241894784653,0.986277320179,0.0120122439774,240.0,10.0,13.0
35.0,0.981379793839,0.0230861829265,0.990645239936,0.0118812670865,180.0,11.0,14.0
45.0,0.969697886151,0.0330400335115,0.985083751369,0.0164446081336,150.0,7.0,10.0
10.0,0.910873996081,0.107842979701,0.95662786582,0.0499768239233,30.0,12.0,15.0
15.0,0.943666355257,0.0551552965555,0.971740567551,0.0272893458082,300.0,6.0,9.0
40.0,0.977084145817,0.0360866804098,0.98850590911,0.0183286834734,180.0,8.0,11.0
25.0,0.971660292202,0.0448013372805,0.98619142525,0.0210452712865,240.0,8.0,11.0
40.0,0.970738510714,0.0525453526251,0.985407251524,0.0248591231093,90.0,13.0,16.0
50.0,0.969596669832,0.0468196292588,0.985055341979,0.0241854310946,90.0,11.0,14.0
10.0,0.955637270634,0.0764154750556,0.978262823692,0.0361378096226,270.0,14.0,17.0
25.0,0.970633766719,0.040717119039,0.985146868289,0.0196010203682,90.0,10.0,13.0
10.0,0.963555046187,0.0310281333637,0.981718269546,0.0151802434825,180.0,8.0,11.0
30.0,0.970526151804,0.0425938762122,0.985293540888,0.02213744437,240.0,15.0,18.0
50.0,0.952633393947,0.0673299777113,0.976601686338,0.0356574936775,60.0,7.0,10.0
40.0,0.978965586308,0.0349218657693,0.989579614923,0.0164525270052,120.0,12.0,15.0
30.0,0.955347755919,0.0602151171904,0.977526591473,0.0294964170608,60.0,10.0,13.0
15.0,0.947705088857,0.044797349371,0.973731149147,0.0219707002796,90.0,6.0,9.0
15.0,0.967260215717,0.0382186743193,0.983115714756,0.020137840208,270.0,8.0,11.0
10.0,0.959652063748,0.0433864821839,0.979776239909,0.0218798378721,240.0,15.0,18.0
20.0,0.982415557224,0.0223065545943,0.99112529876,0.0110939982272,180.0,12.0,15.0
50.0,0.982671734016,0.0259922444845,0.991240647573,0.013011425276,300.0,12.0,15.0
5.0,0.970067347784,0.0325073048122,0.984715856463,0.0168055096106,120.0,13.0,16.0
50.0,0.970639479388,0.0451006202891,0.985608708765,0.022779729249,150.0,7.0,10.0
20.0,0.971218179441,0.0395694556115,0.985644582947,0.0196221423814,90.0,9.0,12.0
45.0,0.969646668477,0.0295830400148,0.985053377675,0.0150107430288,300.0,7.0,10.0
20.0,0.953614082705,0.0587208230992,0.976928781669,0.0283281272681,60.0,7.0,10.0
10.0,0.968698358859,0.0309184916881,0.984079288914,0.0156523840062,120.0,9.0,12.0
30.0,0.976025054903,0.0302726172918,0.988003163787,0.0153703334508,240.0,8.0,11.0
30.0,0.954939546497,0.0471247226526,0.977694440494,0.0239543636734,210.0,6.0,9.0
15.0,0.953880764125,0.0653707459717,0.976685832419,0.0329578351116,60.0,15.0,18.0
50.0,0.98403745492,0.0195669482121,0.992018665869,0.00999782130808,150.0,12.0,15.0
10.0,0.957700071686,0.0477249632642,0.978989014806,0.0231730371893,60.0,11.0,14.0
25.0,0.97838185647,0.0231705482939,0.989328960381,0.0116609915655,120.0,10.0,13.0
25.0,0.969535657102,0.0496435853707,0.984949125374,0.0227745786701,150.0,8.0,11.0
15.0,0.942845532216,0.0686883830935,0.971138817533,0.0338007464989,60.0,6.0,9.0
45.0,0.981010040098,0.0256671173527,0.990497022399,0.0128261338544,240.0,13.0,16.0
40.0,0.980442824865,0.0198661982829,0.99032717232,0.00968552936683,300.0,13.0,16.0
40.0,0.972701877154,0.0346893704432,0.986346498953,0.0180064195734,240.0,15.0,18.0
40.0,0.976004578203,0.0364493433013,0.988011803345,0.0188717047639,270.0,8.0,11.0
5.0,0.959820401965,0.042468837102,0.97947529109,0.0213158856679,210.0,10.0,13.0
15.0,0.965030066668,0.0625020823023,0.982482804666,0.0298601674006,300.0,15.0,18.0
5.0,0.955657899326,0.0393971770829,0.97767937638,0.0182999283993,120.0,9.0,12.0
35.0,0.912645607594,0.122398869228,0.955906069913,0.062791538177,30.0,15.0,18.0
5.0,0.970750344562,0.0260496047242,0.985593042508,0.0132327931664,180.0,12.0,15.0
30.0,0.97687027658,0.0226154054355,0.988485041967,0.0111253811717,210.0,14.0,17.0
5.0,0.930991526818,0.0467271158112,0.96524319478,0.0235361726209,150.0,7.0,10.0
15.0,0.91261155991,0.0873870199963,0.956170041561,0.0413981706359,30.0,9.0,12.0
35.0,0.913004526847,0.13277591394,0.957164290103,0.062473090088,30.0,13.0,16.0
30.0,0.977873068824,0.0275881585395,0.988777420977,0.0130786717993,120.0,10.0,13.0
35.0,0.980923256164,0.0247194066979,0.990387016921,0.0123785989156,150.0,13.0,16.0
10.0,0.971012759506,0.0285486165328,0.985572373747,0.0141913167824,90.0,11.0,14.0
25.0,0.971309358772,0.0465381309917,0.985658439502,0.0226667972417,240.0,15.0,18.0
15.0,0.955003979006,0.0559135579208,0.977408311164,0.0269546081364,60.0,8.0,11.0
10.0,0.977905655084,0.0179149234079,0.988902673544,0.00901673795401,120.0,11.0,14.0
50.0,0.977582358785,0.0265457572168,0.988926267657,0.0129915577217,150.0,14.0,17.0
15.0,0.980178058977,0.019208638156,0.990135032749,0.00965979091489,270.0,11.0,14.0
5.0,0.964233082454,0.0338925417499,0.982263125232,0.0161354529043,150.0,14.0,17.0
25.0,0.978192181182,0.0207042214269,0.98917778886,0.0101439121755,150.0,13.0,16.0
15.0,0.972943411857,0.0349531859568,0.9865054683,0.0178903464041,90.0,12.0,15.0
35.0,0.968581451117,0.0423145877823,0.984329565777,0.0207562351004,90.0,7.0,10.0
50.0,0.983529791702,0.0234359782434,0.991708750464,0.0119158998646,180.0,12.0,15.0
40.0,0.958065439989,0.0602869113953,0.979204000066,0.0287256695785,300.0,6.0,9.0
10.0,0.972690128472,0.0275654645214,0.986425199185,0.0137779179959,210.0,13.0,16.0
15.0,0.966412610192,0.0548191683114,0.983046141436,0.0260273484365,150.0,15.0,18.0
40.0,0.913179150961,0.123583492323,0.955747891649,0.0643001952929,30.0,10.0,13.0
50.0,0.979700605903,0.0334910609966,0.989704483262,0.0175631604475,300.0,10.0,13.0
30.0,0.971709131582,0.0365924799127,0.985890673727,0.0190262198626,150.0,15.0,18.0
5.0,0.919247395336,0.0756067113549,0.96021470768,0.0395330496333,270.0,6.0,9.0
45.0,0.982805140671,0.0183428667966,0.991364741237,0.00895324569954,240.0,12.0,15.0
50.0,0.95914903361,0.0334442742318,0.979548185754,0.0171462532799,150.0,6.0,9.0
10.0,0.977339004581,0.0220366011914,0.988588429778,0.0105550190889,180.0,11.0,14.0
10.0,0.976664669157,0.0230461658642,0.98815050511,0.0120816522217,210.0,12.0,15.0
10.0,0.959851059075,0.0563862837618,0.979939478703,0.0289630460979,90.0,15.0,18.0
10.0,0.936751033835,0.0561779927969,0.968040079871,0.0296380969724,240.0,6.0,9.0
20.0,0.967599160321,0.0715718410053,0.983935099664,0.0330972011509,300.0,15.0,18.0
45.0,0.9543308565,0.0866089980664,0.97701419201,0.0392085390269,60.0,9.0,12.0
20.0,0.956039436372,0.0753443158014,0.977768684651,0.0375646570999,60.0,12.0,15.0
5.0,0.955933750443,0.0424785280882,0.977813029631,0.0211677179485,150.0,15.0,18.0
40.0,0.982105791342,0.0258870202099,0.99103631153,0.013058941428,240.0,12.0,15.0
30.0,0.977009854145,0.0243302791447,0.988634733507,0.0124814242181,120.0,8.0,11.0
5.0,0.950654311278,0.0613108108902,0.975154441038,0.030385404497,270.0,8.0,11.0
30.0,0.95460412852,0.0676384643176,0.977229755936,0.0336124212116,60.0,12.0,15.0
20.0,0.909312556918,0.146122162823,0.954770847991,0.0697574390465,30.0,13.0,16.0
25.0,0.910659231153,0.124100383925,0.955095033579,0.058732279956,30.0,13.0,16.0
40.0,0.982860309203,0.0236821273499,0.99144957396,0.0119135844107,150.0,12.0,15.0
25.0,0.977237094169,0.0298133922653,0.988593172192,0.014149971473,270.0,14.0,17.0
40.0,0.908546624338,0.105377759359,0.95502633335,0.047574476441,30.0,8.0,11.0
35.0,0.972173021251,0.0393116972197,0.986062877019,0.0191138043161,90.0,15.0,18.0
45.0,0.978309649428,0.0390220200518,0.989278150104,0.0198908524576,120.0,12.0,15.0
35.0,0.980651630514,0.0219657245105,0.990350435188,0.0113638615577,300.0,9.0,12.0
25.0,0.980935260538,0.0167538547252,0.990519069657,0.00835432379761,270.0,12.0,15.0
35.0,0.971171452829,0.0350918832326,0.985341603096,0.0179873206818,180.0,15.0,18.0
5.0,0.970753964465,0.0208673095992,0.985481220368,0.0105356954274,90.0,12.0,15.0
50.0,0.977486716139,0.0364920859839,0.988708107531,0.018897118353,300.0,8.0,11.0
20.0,0.966990441572,0.0417865942062,0.983401579054,0.0196779846179,150.0,7.0,10.0
25.0,0.953060855774,0.0832805620602,0.976350974883,0.043634163253,300.0,6.0,9.0
20.0,0.948007647766,0.0521838461132,0.974222791247,0.0250269310205,180.0,6.0,9.0
40.0,0.954269609718,0.056997128404,0.977193731503,0.0275648796561,60.0,13.0,16.0
45.0,0.973524712288,0.0344488771117,0.986688247156,0.0172953299891,180.0,15.0,18.0
30.0,0.981764557346,0.0198800907938,0.99094131769,0.00983251117181,180.0,11.0,14.0
25.0,0.978001650446,0.0292906843475,0.988994707968,0.0141189618089,180.0,14.0,17.0
5.0,0.971158771359,0.021477690491,0.985696708677,0.0104338945462,150.0,11.0,14.0
25.0,0.978268657628,0.0227761804744,0.989371173153,0.0111530194227,150.0,9.0,12.0
10.0,0.955510937536,0.0463335329439,0.977798210287,0.023114074886,60.0,14.0,17.0
30.0,0.972973891039,0.0242241948167,0.986461592954,0.0118629003173,300.0,15.0,18.0
15.0,0.977873338441,0.0238014718598,0.988653105769,0.0123067457037,270.0,10.0,13.0
5.0,0.933832941482,0.0659695132774,0.966702065867,0.0345654369375,60.0,7.0,10.0
10.0,0.957647299354,0.0547869214763,0.978787230401,0.0261447869049,60.0,10.0,13.0
25.0,0.970146631233,0.0452325371305,0.985045517461,0.0233699641376,300.0,15.0,18.0
30.0,0.980463767416,0.0173892444389,0.990243922556,0.00900827684433,150.0,10.0,13.0
50.0,0.978153696911,0.0235118772974,0.989090931529,0.0119404302948,240.0,14.0,17.0
50.0,0.972459468949,0.0414629613311,0.98632335649,0.0214756975819,180.0,7.0,10.0
25.0,0.95393639803,0.045030497551,0.976832585324,0.0235956812932,240.0,6.0,9.0
45.0,0.974918102007,0.0485308674379,0.987323275955,0.0252649278055,210.0,10.0,13.0
25.0,0.979596542382,0.0276494352074,0.989751248838,0.0132814073716,210.0,13.0,16.0
10.0,0.973628950717,0.0141677066212,0.986995202328,0.0069623721517,120.0,10.0,13.0
50.0,0.913881516994,0.141904182879,0.957007664531,0.064417450562,30.0,12.0,15.0
5.0,0.959460928564,0.0387232517541,0.979752331318,0.0200280930028,120.0,10.0,13.0
30.0,0.97940683235,0.0259796237018,0.989645488497,0.012565372742,210.0,13.0,16.0
15.0,0.964341443059,0.0491022644228,0.982104831493,0.0233611538752,90.0,15.0,18.0
50.0,0.977738921012,0.0348412174891,0.988798618583,0.0167015159338,120.0,9.0,12.0
45.0,0.91245387897,0.0858104537012,0.956115224242,0.0407715928653,30.0,10.0,13.0
50.0,0.972719597149,0.0343895972232,0.98637873352,0.0177522793613,270.0,15.0,18.0
50.0,0.976272165553,0.0428582541191,0.988318258573,0.020328544214,120.0,8.0,11.0
10.0,0.968524108907,0.0238515807148,0.984361925021,0.0119395463531,300.0,9.0,12.0
35.0,0.982225235706,0.0163985941864,0.991150665792,0.00847104160059,180.0,12.0,15.0
30.0,0.915841231829,0.111080949225,0.95790932128,0.0586902050176,30.0,15.0,18.0
20.0,0.976344334199,0.0336422396705,0.987858643166,0.017409218949,240.0,10.0,13.0
5.0,0.931485880661,0.040852584974,0.96566504938,0.0199273868564,270.0,7.0,10.0
10.0,0.963840229731,0.0260397569314,0.981767533005,0.0126366997871,120.0,8.0,11.0
10.0,0.933687827377,0.0719281823332,0.966563869706,0.0380429439428,150.0,6.0,9.0
15.0,0.968994307066,0.0474810056196,0.984230979052,0.0247601559874,90.0,9.0,12.0
15.0,0.968339162304,0.0384660676085,0.983756316764,0.0197782002768,90.0,8.0,11.0
30.0,0.982126764608,0.0212897819288,0.99121760123,0.0100255209523,150.0,11.0,14.0
40.0,0.954626412891,0.081689900613,0.977126921514,0.0392077425171,60.0,9.0,12.0
10.0,0.962580532866,0.0369882299774,0.981418383529,0.0174159004733,270.0,8.0,11.0
25.0,0.969666283536,0.0787852353691,0.98475370852,0.0396561377955,90.0,15.0,18.0
40.0,0.969754158159,0.0390231688541,0.985011587586,0.0188202306561,90.0,10.0,13.0
25.0,0.977893622486,0.0202406767352,0.988895158284,0.0101942838098,210.0,9.0,12.0
10.0,0.968082511355,0.0257944233267,0.984008671227,0.0127348228442,240.0,9.0,12.0
50.0,0.910156891769,0.120493641981,0.955721606148,0.0599901035492,30.0,8.0,11.0
15.0,0.976949201511,0.0253315856958,0.988202643429,0.0135341000805,240.0,10.0,13.0
30.0,0.955573583971,0.0462273706999,0.978088470283,0.0226078575164,180.0,6.0,9.0
45.0,0.978861216585,0.0224899588331,0.989473613423,0.0107488379241,270.0,14.0,17.0
40.0,0.981851069351,0.0240537498998,0.990881222802,0.0119512617938,210.0,12.0,15.0
35.0,0.979975361557,0.0250413235013,0.98991612812,0.0126531684937,300.0,13.0,16.0
35.0,0.971581536771,0.0534709219932,0.985457682272,0.02789481007,90.0,9.0,12.0
30.0,0.980454271888,0.0273579984573,0.990324778659,0.013983795274,180.0,12.0,15.0
20.0,0.975420295154,0.0362309745396,0.987641859183,0.0190294332318,150.0,9.0,12.0
5.0,0.970823758709,0.0255533117188,0.985467809742,0.0126073524448,210.0,12.0,15.0
30.0,0.975474011294,0.0280155935079,0.987649419092,0.0136219332168,150.0,14.0,17.0
25.0,0.977794241345,0.0259713403688,0.98877581562,0.0133694964992,240.0,10.0,13.0
25.0,0.913173278512,0.126248781685,0.956815512914,0.0583230825594,30.0,15.0,18.0
10.0,0.973945997072,0.0286288849456,0.986905125931,0.0143405563281,270.0,13.0,16.0
15.0,0.972097498433,0.0440522265541,0.985783520098,0.0232073786223,300.0,9.0,12.0
15.0,0.970532164058,0.0358758693801,0.985173941006,0.018160115496,300.0,13.0,16.0
15.0,0.912027951797,0.0915378897369,0.957198518293,0.046856980474,30.0,12.0,15.0
45.0,0.956080691719,0.0551013283543,0.978198342382,0.0250421928432,180.0,6.0,9.0
50.0,0.958654390227,0.048139064922,0.979401504108,0.0226686799841,120.0,6.0,9.0
25.0,0.957368950723,0.0407937537626,0.978758106542,0.0198561187522,60.0,11.0,14.0
15.0,0.947388237535,0.0537254682703,0.973331636055,0.0276592020855,210.0,6.0,9.0
25.0,0.980262619276,0.0159023391721,0.990141487856,0.00802517537038,180.0,12.0,15.0
25.0,0.967023112032,0.051101439119,0.983569444368,0.0254102916842,90.0,8.0,11.0
5.0,0.971011805425,0.0209064706692,0.985704471259,0.00979745593438,210.0,11.0,14.0
40.0,0.98266121488,0.0189101153857,0.991386149984,0.00949416027911,240.0,11.0,14.0
25.0,0.979033567672,0.0240931229723,0.989513147118,0.0115671309988,300.0,13.0,16.0
15.0,0.967774409589,0.0417671519885,0.983927040936,0.0209753935123,150.0,13.0,16.0
20.0,0.966216212575,0.0431332355935,0.98325542876,0.0221153508842,120.0,7.0,10.0
40.0,0.908786859442,0.168629840314,0.954546614614,0.0788714021237,30.0,6.0,9.0
40.0,0.976285023511,0.0507415515822,0.988280057873,0.0240237276093,120.0,9.0,12.0
30.0,0.909801421945,0.130825946852,0.955065389833,0.0645529782663,30.0,7.0,10.0
15.0,0.968439338014,0.0455911255188,0.984050993885,0.0238042303764,240.0,8.0,11.0
25.0,0.979211046134,0.0326431264501,0.989661184832,0.0158073131822,120.0,12.0,15.0
30.0,0.968768816946,0.034084804088,0.9843350155,0.0176899661253,90.0,15.0,18.0
15.0,0.97202320596,0.0417092674512,0.985792633968,0.021920719512,150.0,9.0,12.0
40.0,0.977120579618,0.0321180311686,0.988645389353,0.0160349086043,120.0,11.0,14.0
10.0,0.976711659336,0.0254634105628,0.988335902614,0.013088921382,180.0,12.0,15.0
40.0,0.914342563314,0.190223003144,0.957526716987,0.0839170325305,30.0,14.0,17.0
30.0,0.978822833387,0.0232232227402,0.989410869708,0.011133374117,300.0,13.0,16.0
10.0,0.968844517981,0.0182889515707,0.984352752586,0.00898759193478,270.0,9.0,12.0
20.0,0.980111518581,0.017451770069,0.990032505751,0.0086577211876,120.0,12.0,15.0
10.0,0.978373084828,0.0231234001859,0.989108448975,0.0118571875045,240.0,12.0,15.0
5.0,0.931819612428,0.0657861830427,0.965699784029,0.0325703098316,210.0,7.0,10.0
15.0,0.968298656793,0.0361258734838,0.983829941335,0.0190914187554,150.0,8.0,11.0
20.0,0.975086238712,0.0332908697951,0.987380525044,0.0166289931004,270.0,9.0,12.0
40.0,0.970325286103,0.0464723615213,0.98525891949,0.0243381795208,210.0,15.0,18.0
40.0,0.975906986593,0.0402888502124,0.988092529281,0.0191906698516,150.0,14.0,17.0
30.0,0.978208196905,0.0231224881676,0.989020471438,0.0115373759336,120.0,13.0,16.0
30.0,0.969586117177,0.04406043811,0.984861496224,0.0221300245895,90.0,10.0,13.0
15.0,0.979722147424,0.0148622517172,0.989922903362,0.00756661401505,240.0,11.0,14.0
25.0,0.93109127647,0.13722971382,0.967680591,0.0623332632443,300.0,7.0,10.0
40.0,0.969318342305,0.0290994321399,0.984978613105,0.0147263037977,270.0,7.0,10.0
35.0,0.952367499082,0.0551225353302,0.976014494363,0.0282471864234,60.0,15.0,18.0
15.0,0.909499006974,0.165715838859,0.955043240654,0.0695021103552,30.0,10.0,13.0
20.0,0.96166529966,0.0634977192338,0.981193035239,0.0300355859414,300.0,8.0,11.0
15.0,0.976020169081,0.0289822761319,0.98784986596,0.0145768038667,180.0,12.0,15.0
30.0,0.981458689915,0.0172274262377,0.990731943566,0.00871811522524,210.0,12.0,15.0
20.0,0.951299021206,0.0834431423968,0.975988696752,0.0412857819844,60.0,15.0,18.0
10.0,0.959839797027,0.0477335095721,0.979987916453,0.0242521791115,210.0,15.0,18.0
25.0,0.975914384765,0.024887867853,0.987982917772,0.0123107014682,120.0,13.0,16.0
25.0,0.952895972993,0.0594286417335,0.976117533212,0.0303202826875,150.0,6.0,9.0
25.0,0.968785979254,0.0473492013756,0.984582434188,0.0235411879275,90.0,14.0,17.0
25.0,0.908552368364,0.173428883197,0.955431517961,0.0778510928781,30.0,6.0,9.0
45.0,0.977858167774,0.0220360556074,0.989036408906,0.0113355514696,270.0,8.0,11.0
15.0,0.965029253249,0.052882949283,0.982482397352,0.0251151341707,180.0,15.0,18.0
45.0,0.971900682555,0.0386401713207,0.985699283477,0.0198611946495,240.0,15.0,18.0
10.0,0.934717108285,0.0565139328376,0.966900097646,0.0299617776031,300.0,6.0,9.0
25.0,0.980672994036,0.0171013645186,0.990328244596,0.00858727405251,150.0,12.0,15.0
30.0,0.968686039496,0.0408221028411,0.984273390266,0.0191978203558,90.0,9.0,12.0
25.0,0.957084951804,0.0817581260926,0.978453082386,0.0398608038946,60.0,12.0,15.0
5.0,0.971216782877,0.0189983813557,0.985846997371,0.00894225400031,90.0,11.0,14.0
5.0,0.964461228454,0.0397122891093,0.982258234482,0.0183833376207,120.0,14.0,17.0
10.0,0.963618854997,0.0335947379354,0.981808498018,0.0170873439838,90.0,8.0,11.0
25.0,0.980639781606,0.0164989440638,0.990331843865,0.00807446768732,240.0,13.0,16.0
10.0,0.973509541377,0.0223466628539,0.986737872532,0.0112479095608,300.0,13.0,16.0
20.0,0.967154424543,0.0623026734523,0.983525777419,0.0302635679137,240.0,15.0,18.0
45.0,0.914612055185,0.103971733129,0.956918922872,0.0504536281748,30.0,14.0,17.0
5.0,0.970274511707,0.0261809714069,0.985254383952,0.0123894525041,270.0,11.0,14.0
45.0,0.983289301818,0.0173942418703,0.991625795002,0.00856143111546,240.0,11.0,14.0
5.0,0.956979195326,0.0452254789577,0.978336307569,0.0225547127549,300.0,15.0,18.0
35.0,0.956850728788,0.0608756613708,0.978679132604,0.0291286519067,60.0,12.0,15.0
40.0,0.976397252471,0.0341558753387,0.988302192517,0.0173249238614,210.0,8.0,11.0
5.0,0.95235066034,0.0574114065439,0.976264883729,0.0291330108586,60.0,8.0,11.0
30.0,0.971975736474,0.0437872639078,0.985935399162,0.0208954201511,270.0,15.0,18.0
50.0,0.982500419462,0.0216277984283,0.991143568805,0.0113289006612,180.0,9.0,12.0
30.0,0.977802258322,0.0250704275677,0.988678017495,0.0129205168613,270.0,9.0,12.0
35.0,0.979900261435,0.0239386437988,0.989971281608,0.0123442285072,240.0,13.0,16.0
45.0,0.956186560594,0.0787343342946,0.977944018554,0.0380936693377,60.0,10.0,13.0
40.0,0.971020591724,0.0484898387012,0.985590462932,0.0230735448971,90.0,11.0,14.0
25.0,0.977705174587,0.0299669858624,0.988856057962,0.0147966606939,240.0,14.0,17.0
40.0,0.955223189469,0.0766223449287,0.977399383869,0.0405181661844,60.0,8.0,11.0
5.0,0.969686576725,0.0329478982518,0.984633494056,0.0172751674348,240.0,13.0,16.0
40.0,0.971305236064,0.0525806837566,0.985830944478,0.0259687338349,90.0,7.0,10.0
40.0,0.978443873759,0.0359492130941,0.989110288791,0.0178041708806,120.0,10.0,13.0
10.0,0.95668398867,0.0769630279428,0.978694156491,0.0360724080157,150.0,14.0,17.0
30.0,0.971046049836,0.0521798547471,0.9856068822,0.0238994433672,90.0,7.0,10.0
50.0,0.972616099078,0.0364980184217,0.986455837535,0.018545893103,120.0,15.0,18.0
20.0,0.981437598575,0.0182270520031,0.990658731776,0.00941065372936,270.0,11.0,14.0
40.0,0.912162969573,0.121256560461,0.956188913193,0.0543350087035,30.0,13.0,16.0
45.0,0.977936101002,0.0229119320458,0.989047698596,0.0114035389765,180.0,14.0,17.0
10.0,0.95963594705,0.0346217485917,0.979612794956,0.0175811178699,270.0,15.0,18.0
25.0,0.93295678938,0.102547692307,0.968137431728,0.0464094941391,180.0,7.0,10.0
10.0,0.953931818957,0.0433777612158,0.976909689138,0.0211642017856,240.0,7.0,10.0
50.0,0.957962143323,0.0469811050473,0.978987099623,0.0225489131341,300.0,6.0,9.0
40.0,0.970312078916,0.0284257307672,0.985188615358,0.0139234204228,210.0,7.0,10.0
50.0,0.958475939755,0.0471326081164,0.979132664993,0.0217059817256,240.0,6.0,9.0
10.0,0.9549799653,0.0477855346254,0.977265599121,0.0236897464363,300.0,7.0,10.0
45.0,0.9538831862,0.0596159755629,0.976802828164,0.0275110254049,120.0,6.0,9.0
15.0,0.975990237452,0.0247096698036,0.987845594519,0.0124839526341,210.0,12.0,15.0
5.0,0.933993992538,0.0693273593947,0.966866756527,0.0358990105824,240.0,7.0,10.0
15.0,0.964552394374,0.0469663538347,0.982097228567,0.0224409755039,120.0,15.0,18.0
20.0,0.946537168852,0.0611221231082,0.973218657681,0.0305598147176,150.0,6.0,9.0
45.0,0.968366064669,0.0445537007505,0.983976442904,0.0212334320601,90.0,8.0,11.0
10.0,0.971005795691,0.0271287296865,0.985769327413,0.0130001717659,90.0,10.0,13.0
50.0,0.978379114329,0.0223678315824,0.989185499164,0.011089519209,120.0,14.0,17.0
15.0,0.978910847064,0.0180851239864,0.98938887795,0.00887668186667,120.0,11.0,14.0
35.0,0.978152492585,0.0411225717246,0.988956635619,0.021286753656,270.0,10.0,13.0
5.0,0.959505525929,0.0425510859796,0.979494986268,0.0208736558283,150.0,10.0,13.0
40.0,0.979163098312,0.0340508240603,0.98949845946,0.0178632710958,300.0,9.0,12.0
50.0,0.954458616422,0.0736536019185,0.977535258253,0.0345160776049,60.0,15.0,18.0
25.0,0.978826430571,0.0218797743774,0.989365972062,0.0113676151164,270.0,9.0,12.0
50.0,0.979564546338,0.0319153712154,0.989730512154,0.0153971476053,270.0,13.0,16.0
30.0,0.956712016913,0.0804926219329,0.978412840233,0.0409295978966,60.0,15.0,18.0
35.0,0.97035332561,0.0450758204317,0.985193461373,0.022209036537,90.0,12.0,15.0
25.0,0.977043691341,0.0283842596858,0.98863908234,0.0140593645494,150.0,14.0,17.0
45.0,0.972163399105,0.0442042351953,0.986092202712,0.0225206491337,210.0,15.0,18.0
20.0,0.968656630762,0.0408121497758,0.984370331728,0.020056465348,240.0,7.0,10.0
5.0,0.962056226892,0.0433644978773,0.981285932929,0.0206499691553,240.0,14.0,17.0
45.0,0.98091889808,0.0275935660852,0.990461526509,0.0130916293958,240.0,9.0,12.0
25.0,0.955382335709,0.0494956358441,0.977879848864,0.0266606934359,210.0,6.0,9.0
5.0,0.911569747891,0.143539400227,0.956078992042,0.0717514536035,30.0,15.0,18.0
45.0,0.972310446528,0.0552743350919,0.9860598155,0.0272030323911,90.0,12.0,15.0
50.0,0.95663406663,0.0638747979862,0.978381885147,0.0319428740497,90.0,6.0,9.0
20.0,0.978941270957,0.0186372364444,0.989467872469,0.00959626234739,210.0,13.0,16.0
45.0,0.910149889662,0.126034630205,0.95501412807,0.0543637109065,30.0,7.0,10.0
45.0,0.982957522889,0.019686740794,0.991421003194,0.0101264922675,150.0,11.0,14.0
30.0,0.968365006721,0.0586823569887,0.984175324995,0.0264240488432,270.0,7.0,10.0
20.0,0.973035851518,0.029040931077,0.986479512785,0.01380759853,90.0,12.0,15.0
15.0,0.911502879218,0.163757276771,0.955049816561,0.0787306265983,30.0,14.0,17.0
45.0,0.973363181102,0.0410492302896,0.98658970978,0.0211138026225,270.0,15.0,18.0
15.0,0.952526585509,0.0579578404543,0.976735047963,0.027657043484,60.0,7.0,10.0
25.0,0.972037856682,0.0489374355708,0.986249810585,0.0224850590901,300.0,8.0,11.0
25.0,0.914341568736,0.170001183945,0.957812374898,0.0783032960981,30.0,14.0,17.0
5.0,0.970023862447,0.0353094728107,0.984814679318,0.0179952064308,210.0,13.0,16.0
30.0,0.906529074512,0.189872440591,0.953951653385,0.0935839349197,30.0,6.0,9.0
30.0,0.911484403603,0.0868117509477,0.956722216561,0.0395707796649,30.0,11.0,14.0
35.0,0.978117185154,0.02273173299,0.989102944,0.0110032930398,120.0,12.0,15.0
45.0,0.953366014105,0.054309959947,0.97713798583,0.0247039358962,240.0,6.0,9.0
5.0,0.905209383236,0.0949347575785,0.953831652843,0.0471216693301,30.0,10.0,13.0
25.0,0.941109699237,0.101159032427,0.971783552278,0.0459369353329,90.0,7.0,10.0
50.0,0.958000430451,0.0776239356728,0.978784938324,0.0400366834347,60.0,11.0,14.0
20.0,0.968078885034,0.0373054080691,0.983997915391,0.0187772347468,90.0,8.0,11.0
35.0,0.980404468671,0.0160938087505,0.99015185868,0.008265146574,270.0,13.0,16.0
35.0,0.978988348675,0.0379793828298,0.989508277533,0.0180628993506,120.0,10.0,13.0
15.0,0.957033722684,0.0535126968204,0.978453484704,0.0270265147962,60.0,13.0,16.0
10.0,0.97408608697,0.0316915190649,0.987165599512,0.0156614572231,120.0,13.0,16.0
20.0,0.967032440473,0.0348723351229,0.983695195062,0.0167967158709,180.0,7.0,10.0
25.0,0.980270334252,0.0211301046287,0.990192472448,0.0107198044103,210.0,12.0,15.0
25.0,0.905898016111,0.147921243844,0.953703420992,0.065827752346,30.0,7.0,10.0
5.0,0.919900941183,0.0761362206743,0.959893258489,0.0394496304723,90.0,6.0,9.0
35.0,0.978474510709,0.0232578869047,0.989241812645,0.0118318383683,180.0,8.0,11.0
15.0,0.967009392845,0.0426773753042,0.983038723833,0.0227905615119,120.0,8.0,11.0
40.0,0.908340098174,0.185497945243,0.954526738957,0.091121571601,30.0,9.0,12.0
5.0,0.920000990035,0.0664934351452,0.960205435806,0.0337653249826,300.0,6.0,9.0
20.0,0.910154671603,0.122312782833,0.955248532873,0.0590284394992,30.0,10.0,13.0
40.0,0.975643631573,0.0371175801021,0.987786060626,0.0177331470684,300.0,14.0,17.0
35.0,0.972235574213,0.0429309597289,0.98589454967,0.0219646614206,240.0,15.0,18.0
5.0,0.952859434512,0.0407521836534,0.976273237799,0.0206694069991,120.0,8.0,11.0
50.0,0.982743607212,0.0183207044226,0.991329125644,0.00906343311554,180.0,11.0,14.0
40.0,0.910517956336,0.174236828913,0.955140065027,0.0833798007363,30.0,7.0,10.0
15.0,0.951623911527,0.0622152198874,0.976449403455,0.0291666841642,270.0,7.0,10.0
45.0,0.968634254772,0.0348912965423,0.984660473116,0.016876313311,210.0,7.0,10.0
35.0,0.979486823117,0.0238132062028,0.989830694271,0.0123178408014,180.0,9.0,12.0
35.0,0.956366084823,0.0350383025266,0.978620752737,0.017461111485,240.0,6.0,9.0
30.0,0.97901354537,0.0203791361885,0.989344619399,0.0101910508731,180.0,9.0,12.0
20.0,0.912023652856,0.117943345718,0.956302610707,0.052059589796,30.0,11.0,14.0
5.0,0.915441390722,0.0692741464238,0.957949900629,0.0364237266126,60.0,6.0,9.0
50.0,0.954224879056,0.0630895058467,0.976946679637,0.0315561694466,60.0,8.0,11.0
20.0,0.966348460696,0.0569131990316,0.98318793588,0.0269644167448,270.0,15.0,18.0
10.0,0.961105272521,0.0377586440835,0.980439662833,0.0199288903287,120.0,15.0,18.0
40.0,0.970747018359,0.0450460340745,0.985235510178,0.0228008640926,300.0,15.0,18.0
10.0,0.972559722303,0.0263332126642,0.986336348606,0.0131729778244,90.0,12.0,15.0
35.0,0.977340441679,0.0403153447709,0.988814504662,0.0192066181595,240.0,14.0,17.0
20.0,0.962948942875,0.0748032748897,0.982105956776,0.0348719105168,210.0,8.0,11.0
35.0,0.909846260197,0.165744327695,0.954627684959,0.0723562730034,30.0,10.0,13.0
50.0,0.910590387258,0.144043485127,0.954817082679,0.0713342822573,30.0,10.0,13.0
35.0,0.908527482151,0.211367998566,0.954368497453,0.0928959519928,30.0,7.0,10.0
40.0,0.957352088817,0.0534361088012,0.978755767701,0.0266980818008,180.0,6.0,9.0
45.0,0.971163475529,0.0396305059709,0.985516721131,0.0204892195772,300.0,15.0,18.0
35.0,0.978525133248,0.023092779233,0.989196092709,0.0119951763284,240.0,8.0,11.0
30.0,0.975840416397,0.0358624509486,0.987831387511,0.0177861138245,240.0,14.0,17.0
10.0,0.97685404856,0.0231682445009,0.988292567767,0.0118243666093,270.0,12.0,15.0
50.0,0.957201002785,0.0522038947319,0.978608544269,0.0260206464762,60.0,14.0,17.0
50.0,0.976327886521,0.0293517354308,0.988238971019,0.0154065677793,150.0,8.0,11.0
35.0,0.907330067716,0.162714808534,0.953827663174,0.068531309687,30.0,6.0,9.0
20.0,0.945355644155,0.0587240280229,0.9728925783,0.0303940779175,90.0,6.0,9.0
50.0,0.97216958256,0.0298870146224,0.986157592764,0.0152967084834,120.0,7.0,10.0
30.0,0.968905405985,0.042667956461,0.98446462586,0.022126493407,240.0,7.0,10.0
5.0,0.9690124237,0.0273931219479,0.984200006009,0.0142387034614,180.0,13.0,16.0
15.0,0.947492489841,0.0801784343799,0.974635686537,0.036868529672,150.0,7.0,10.0
35.0,0.97228939546,0.0366157198973,0.985956214838,0.0188233742161,300.0,15.0,18.0
20.0,0.973359784187,0.0402884986518,0.986925599488,0.0205403404176,120.0,14.0,17.0
40.0,0.971862370785,0.0444184727658,0.985905141881,0.0222858845908,120.0,15.0,18.0
45.0,0.968454262229,0.0357449308373,0.984695260971,0.0184433273834,270.0,7.0,10.0
35.0,0.911892802885,0.107991872925,0.955439472908,0.0505537379443,30.0,11.0,14.0
15.0,0.979123419089,0.0181889979856,0.98970115231,0.00870805735117,180.0,11.0,14.0
35.0,0.971058917498,0.0531008829975,0.98538251983,0.0268097046758,90.0,14.0,17.0
45.0,0.971444155319,0.0425002328899,0.985772755829,0.0207286866819,90.0,15.0,18.0
20.0,0.975149172448,0.0325343263423,0.987327292417,0.0162802598501,210.0,10.0,13.0
10.0,0.956941338659,0.040773659607,0.978181606615,0.0198021335037,150.0,7.0,10.0
45.0,0.910048499461,0.176096435899,0.954659424944,0.0756562487768,30.0,8.0,11.0
10.0,0.973222736103,0.0196552109386,0.98672048307,0.00964068443142,300.0,10.0,13.0
15.0,0.974079063528,0.0263245226938,0.986890499438,0.0132255380881,300.0,14.0,17.0
30.0,0.953547268634,0.0480102523164,0.976955435305,0.0248601955607,60.0,6.0,9.0
5.0,0.917642144228,0.0819353794481,0.959433609473,0.0414216153789,240.0,6.0,9.0
25.0,0.96826845121,0.0524934426551,0.98428984001,0.0266553727914,270.0,15.0,18.0
25.0,0.981686967741,0.0173208146085,0.990736155686,0.00851702797222,150.0,11.0,14.0
50.0,0.981675147077,0.0270106118196,0.990817951635,0.0134926717756,150.0,9.0,12.0
5.0,0.917770749557,0.0692944705159,0.959247165069,0.0370819109533,120.0,6.0,9.0
15.0,0.976608814989,0.0226015989436,0.988047706826,0.0119191924419,210.0,10.0,13.0
25.0,0.977427336579,0.0222723306274,0.988672620398,0.010505776983,240.0,9.0,12.0
35.0,0.967936765317,0.0353320443932,0.984218600368,0.0163355731915,240.0,7.0,10.0
20.0,0.975763082197,0.0202847915956,0.987593061462,0.00981316786517,210.0,9.0,12.0
15.0,0.975533498532,0.0286918666394,0.987712286701,0.0149915763983,300.0,12.0,15.0
10.0,0.976808791823,0.0211848120651,0.988214414352,0.0108222098044,120.0,12.0,15.0
30.0,0.9824771605,0.0224220923756,0.991339233489,0.010943364454,270.0,11.0,14.0
10.0,0.953091174612,0.0722032159857,0.976482689454,0.0345571777497,210.0,14.0,17.0
40.0,0.982884850027,0.0237829685863,0.991534730431,0.0117402057987,270.0,11.0,14.0
35.0,0.982589044415,0.0219600007148,0.991256564047,0.0112165563653,150.0,11.0,14.0
45.0,0.978260311211,0.0351457714791,0.989140071849,0.0167654097933,120.0,11.0,14.0
40.0,0.970442458872,0.0371898569596,0.985553181484,0.0181653909709,120.0,7.0,10.0
25.0,0.972354531826,0.0464157732954,0.986316341205,0.0218238317695,210.0,8.0,11.0
35.0,0.913836041852,0.0993313669259,0.956561313208,0.04281817034,30.0,14.0,17.0
35.0,0.970950073529,0.0635277183027,0.985403563783,0.032680054774,210.0,15.0,18.0
20.0,0.972693841817,0.0296201816071,0.98644741007,0.0140477584511,240.0,14.0,17.0
10.0,0.97711633801,0.0239981103105,0.988522582106,0.0116433473844,240.0,11.0,14.0
50.0,0.969852381092,0.0615492870016,0.984914532843,0.0271808577404,90.0,10.0,13.0
10.0,0.906410768803,0.098434442497,0.954041402145,0.0492691888481,30.0,8.0,11.0
40.0,0.979555371019,0.0207118996583,0.989962728276,0.0104212383974,210.0,13.0,16.0
10.0,0.912965476461,0.10811070321,0.95588981544,0.0480844294787,30.0,10.0,13.0
40.0,0.973077305046,0.0378304443929,0.986489618703,0.0192678660226,270.0,15.0,18.0
45.0,0.97733304458,0.0285918029668,0.988527304616,0.0135248690502,120.0,10.0,13.0
10.0,0.96741724336,0.0256439586197,0.983669523555,0.0133379322672,210.0,9.0,12.0
35.0,0.979391464597,0.0266089437564,0.989771516273,0.0136267986053,210.0,9.0,12.0
20.0,0.976029960737,0.0267866045607,0.987900764465,0.0139188522614,150.0,10.0,13.0
10.0,0.934730321988,0.0653468510476,0.967145305176,0.033974179928,90.0,6.0,9.0
25.0,0.982097761192,0.0226446188796,0.990952540558,0.0111356626384,300.0,11.0,14.0
40.0,0.956490971664,0.087337359065,0.978456094084,0.0421658654208,60.0,7.0,10.0
45.0,0.981466863813,0.0205716445371,0.990721210516,0.0105598191369,210.0,13.0,16.0
35.0,0.971476130723,0.042357545018,0.985558651103,0.0224930670835,120.0,15.0,18.0
15.0,0.948559944396,0.0795884598425,0.975028220705,0.0365853850816,90.0,7.0,10.0
5.0,0.969852234573,0.0217740687642,0.985165517913,0.0104761701341,300.0,11.0,14.0
20.0,0.910260328397,0.116364731558,0.956676325461,0.0536565842591,30.0,9.0,12.0
40.0,0.970510200082,0.0476088170953,0.985146862214,0.0236040285877,90.0,12.0,15.0
50.0,0.979453229667,0.0390749951228,0.989769187358,0.0199510845243,270.0,10.0,13.0
50.0,0.982519776821,0.0241680633973,0.991268938562,0.011976844198,300.0,9.0,12.0
45.0,0.952633400044,0.0815663881865,0.977020709818,0.0420467893554,60.0,8.0,11.0
50.0,0.983418375707,0.0236488302831,0.991712876972,0.0117730516363,240.0,12.0,15.0
15.0,0.973863021308,0.0167401395585,0.986794906984,0.00854486662475,120.0,14.0,17.0
5.0,0.913436981427,0.109374770841,0.956511769104,0.0509202838639,30.0,14.0,17.0
5.0,0.952060360634,0.044097106081,0.976153225357,0.0216571901121,300.0,8.0,11.0
10.0,0.954670182598,0.0476904151668,0.976886167116,0.0220643418558,210.0,7.0,10.0
45.0,0.984015672334,0.0184133509419,0.99199395337,0.00889736560561,270.0,11.0,14.0
25.0,0.9547988858,0.0523676618823,0.977734145258,0.0251731529104,60.0,9.0,12.0
15.0,0.955188406625,0.0839814853305,0.978043603516,0.0391073935045,210.0,7.0,10.0
5.0,0.970016624057,0.0304190021272,0.98477789047,0.0158797406295,150.0,13.0,16.0
30.0,0.969396561512,0.0466331426774,0.984639071865,0.0227931137011,90.0,8.0,11.0
40.0,0.983302133655,0.0177950263467,0.991696810317,0.00879514143839,300.0,11.0,14.0
45.0,0.954441110326,0.0664106425461,0.977220290505,0.0298486089166,210.0,6.0,9.0
35.0,0.982057311865,0.0219398123128,0.991023680611,0.011285969233,210.0,11.0,14.0
25.0,0.939845035061,0.104417329001,0.971297430488,0.0476901182266,150.0,7.0,10.0
35.0,0.981489989606,0.0246312106416,0.99065214134,0.0126387657938,240.0,12.0,15.0
30.0,0.979174133371,0.0247324247818,0.989626363421,0.0130629290386,240.0,9.0,12.0
25.0,0.936649603582,0.170469608964,0.969994894364,0.0744352954781,120.0,7.0,10.0
45.0,0.968569340665,0.0338564577078,0.984316771186,0.0169430919413,180.0,7.0,10.0
40.0,0.982036329972,0.0234612757349,0.99091940059,0.0119971403397,240.0,10.0,13.0
30.0,0.976675749162,0.0333828887493,0.988207136769,0.0168941511366,300.0,8.0,11.0
30.0,0.977670265425,0.0259149575837,0.988872193161,0.0127775391857,120.0,9.0,12.0
5.0,0.958188219368,0.043186328077,0.978779811763,0.0209005901852,270.0,10.0,13.0
40.0,0.95440659341,0.0937280338935,0.976772157285,0.0462341587974,60.0,15.0,18.0
10.0,0.954508795197,0.0389499308287,0.977207918698,0.0191949277315,60.0,7.0,10.0
50.0,0.954131033263,0.0691287757278,0.976815592103,0.0341595469575,60.0,9.0,12.0
45.0,0.911671258645,0.11828384032,0.956086495678,0.0570214915084,30.0,9.0,12.0
20.0,0.964563312997,0.0559155225702,0.982306878802,0.0264681143202,120.0,15.0,18.0
20.0,0.94837312615,0.0708950958729,0.973903159201,0.0345034267572,300.0,6.0,9.0
5.0,0.914784364811,0.0852889193115,0.957667883574,0.0391417752814,30.0,12.0,15.0
15.0,0.943330801645,0.0570587501596,0.971940212319,0.0291134867056,240.0,6.0,9.0
5.0,0.931682755486,0.0705206515895,0.965578784928,0.0345353677522,90.0,7.0,10.0
20.0,0.905733885681,0.143469401323,0.953342600458,0.0654627175123,30.0,6.0,9.0
50.0,0.978348032545,0.023445522745,0.989084017689,0.0119441636767,270.0,14.0,17.0
35.0,0.981824905838,0.0197189643161,0.990923055404,0.00988325195234,210.0,12.0,15.0
40.0,0.95356795407,0.0758622746165,0.976763531153,0.03824802909,60.0,11.0,14.0
10.0,0.954493478904,0.0500825285567,0.976763430165,0.0243931949976,90.0,7.0,10.0
5.0,0.956428919013,0.038865172344,0.978167702906,0.0197481260248,60.0,15.0,18.0
45.0,0.977456565456,0.0269484308991,0.988850655236,0.0139670507205,240.0,8.0,11.0
20.0,0.906350609273,0.128914445586,0.953240102624,0.0604185796864,30.0,15.0,18.0
35.0,0.967147807631,0.0308841684834,0.983887707656,0.0151863581138,120.0,7.0,10.0
15.0,0.979764738048,0.0147028455296,0.990009439389,0.00717360147619,150.0,11.0,14.0
50.0,0.909587796129,0.129951938798,0.955943371242,0.0609798336627,30.0,11.0,14.0
15.0,0.913585030706,0.140326384951,0.956953356934,0.0689890905461,30.0,8.0,11.0
35.0,0.969687140616,0.0635260005636,0.984585994275,0.0317166137531,90.0,10.0,13.0
50.0,0.982988572415,0.021062970152,0.991465276779,0.0104347679586,300.0,11.0,14.0
35.0,0.954868627039,0.0993691570744,0.977337289684,0.0447153332165,60.0,8.0,11.0
30.0,0.980608571938,0.0195737333333,0.99029022094,0.0098500391518,210.0,10.0,13.0
30.0,0.969456158181,0.0329878600032,0.985132188684,0.0152459891368,120.0,7.0,10.0
25.0,0.96886561213,0.0519709965551,0.984416554437,0.0247570560657,90.0,13.0,16.0
50.0,0.983480995167,0.0169560127698,0.991696831077,0.00827183285252,240.0,11.0,14.0
50.0,0.978460152752,0.0285174537107,0.989323737764,0.0136474735188,210.0,14.0,17.0
25.0,0.971467203658,0.0416440118738,0.985679339612,0.019373478061,90.0,12.0,15.0
50.0,0.979902145604,0.0314160276443,0.990040980285,0.0154282870993,180.0,13.0,16.0
30.0,0.952456352542,0.045663523614,0.976507187981,0.0228040995814,150.0,6.0,9.0
25.0,0.956923460521,0.0558920847332,0.978566068391,0.0266900738305,60.0,14.0,17.0
35.0,0.977716530191,0.0243899082593,0.988899331938,0.0123511937597,300.0,8.0,11.0
45.0,0.979845580758,0.0248101807223,0.989938606775,0.0117920016322,240.0,14.0,17.0
50.0,0.970107935897,0.049723385386,0.985178774676,0.0260210309202,90.0,7.0,10.0
10.0,0.97332875011,0.0339267758833,0.986668544567,0.0167673922448,150.0,13.0,16.0
35.0,0.95498720121,0.061987230432,0.977584909286,0.0301236160313,60.0,11.0,14.0
15.0,0.956229549026,0.0382477136353,0.978292393178,0.0189319871847,60.0,12.0,15.0
45.0,0.977757953965,0.024933636113,0.98890400831,0.0122265211652,120.0,14.0,17.0
10.0,0.96462520246,0.0275185912,0.982182516919,0.0134064402093,150.0,8.0,11.0
45.0,0.980827456404,0.0359113291382,0.990345836605,0.0177406005457,150.0,13.0,16.0
30.0,0.980003091967,0.0213500683936,0.989969923088,0.0105073560916,180.0,13.0,16.0
50.0,0.955916502418,0.0920005185396,0.977705244954,0.0416148390903,60.0,10.0,13.0
30.0,0.977751810786,0.0320150593118,0.988901919768,0.0163099138985,120.0,12.0,15.0
10.0,0.972980594255,0.025015349763,0.986563402431,0.0123526367181,180.0,13.0,16.0
45.0,0.981791648339,0.0218229385313,0.991011887515,0.0102335502038,180.0,9.0,12.0
25.0,0.912168264296,0.0991470642108,0.956206923529,0.0439420540501,30.0,10.0,13.0
25.0,0.977085327266,0.0264143412605,0.988680367852,0.0131241872781,210.0,14.0,17.0
5.0,0.955909691784,0.0642850045178,0.977809738505,0.0317245025555,270.0,15.0,18.0
5.0,0.957665266355,0.0389993852731,0.978962990728,0.0195130129841,60.0,11.0,14.0
50.0,0.970556849698,0.043252036848,0.98543544501,0.0214470556689,210.0,7.0,10.0
5.0,0.956532770768,0.0467504678453,0.978120913666,0.0224416290891,270.0,9.0,12.0
20.0,0.966705663501,0.0317922396597,0.983420206386,0.0162126637957,210.0,7.0,10.0
10.0,0.958085138933,0.0618399682696,0.979273056035,0.0289305263137,240.0,14.0,17.0
45.0,0.981637606496,0.0227728746509,0.990841321573,0.0114210557181,150.0,9.0,12.0
40.0,0.975689479702,0.0309994192165,0.987843588805,0.0150354132027,120.0,14.0,17.0
5.0,0.962921229983,0.0454593327087,0.981636146046,0.0222284979287,210.0,14.0,17.0
30.0,0.978986900836,0.0179263024559,0.989482778683,0.00914557169106,300.0,9.0,12.0
45.0,0.978670492589,0.0318610562367,0.989322140652,0.0153163008454,150.0,14.0,17.0
40.0,0.982992474399,0.0160425638669,0.991417341117,0.00774785796163,180.0,11.0,14.0
45.0,0.970893178591,0.0348849294571,0.985507248529,0.0172127494675,90.0,13.0,16.0
50.0,0.971881763291,0.0300771817439,0.985759028434,0.0152055425728,150.0,15.0,18.0
40.0,0.970998753176,0.0625757802723,0.985381282572,0.0296493354826,90.0,15.0,18.0
50.0,0.95839559816,0.0408645335447,0.979211571282,0.01906504191,180.0,6.0,9.0
20.0,0.981438541353,0.0176729526255,0.990595653071,0.00877478410394,150.0,12.0,15.0
20.0,0.976828868801,0.0252033647282,0.988462542996,0.0134791841931,300.0,9.0,12.0
45.0,0.968420636561,0.048693673146,0.984309409287,0.023568123709,90.0,14.0,17.0
40.0,0.955446241267,0.0549649679629,0.978124472848,0.0266085963902,240.0,6.0,9.0
15.0,0.975077392195,0.0200297570004,0.9873629375,0.0099494414623,240.0,14.0,17.0
45.0,0.980619216231,0.0244995359475,0.990288116646,0.0122726660208,180.0,13.0,16.0
35.0,0.956893105899,0.0429773382827,0.978832607777,0.0210469260372,300.0,6.0,9.0
10.0,0.912007477361,0.116571857116,0.955129822252,0.0560708153247,30.0,13.0,16.0
50.0,0.98240801892,0.0165343471559,0.991197858981,0.00796018349611,210.0,9.0,12.0
5.0,0.912719856187,0.0593320440048,0.957179335814,0.0289151703225,30.0,11.0,14.0
35.0,0.979739400888,0.0250042022757,0.989821234023,0.0125385227452,180.0,13.0,16.0
40.0,0.970643307964,0.0407377399163,0.985542203851,0.0209408249292,180.0,7.0,10.0
35.0,0.981807887114,0.0210111137744,0.990818665676,0.0106144714052,300.0,11.0,14.0
35.0,0.970946206499,0.0421726372536,0.985425285404,0.0212801873693,90.0,11.0,14.0
45.0,0.956539232022,0.0709547533121,0.978336210337,0.0325747339738,60.0,14.0,17.0
20.0,0.970177971765,0.051941248663,0.985154902085,0.0252840433505,90.0,14.0,17.0
50.0,0.90613941797,0.225506038206,0.952870313651,0.0947931187164,30.0,7.0,10.0
10.0,0.973184258233,0.017764354709,0.986716706893,0.00882555112036,210.0,10.0,13.0
15.0,0.955996208297,0.0727283314108,0.977834180683,0.033101823758,60.0,9.0,12.0
20.0,0.94657158165,0.0692763433735,0.973653614743,0.0346900237144,270.0,6.0,9.0
45.0,0.982596720088,0.0249882472124,0.991198645869,0.0120914345761,270.0,12.0,15.0
50.0,0.912734075159,0.146920274866,0.956430154396,0.071114480354,30.0,14.0,17.0
25.0,0.911502031577,0.131309275582,0.956255441673,0.0594199894737,30.0,12.0,15.0
20.0,0.963471983073,0.0563970325375,0.982179612818,0.02589294107,150.0,8.0,11.0
35.0,0.982238880468,0.0233918533432,0.990979428629,0.0119130685335,300.0,12.0,15.0
5.0,0.970511617887,0.0261375472697,0.985261539504,0.013623545584,300.0,12.0,15.0
35.0,0.97748329575,0.0341751183511,0.988880886287,0.0163203744563,210.0,14.0,17.0
30.0,0.904472865966,0.140782288879,0.953145606072,0.0711130063097,30.0,8.0,11.0
25.0,0.981487463836,0.0251430744323,0.990720508802,0.0126747325968,210.0,11.0,14.0
45.0,0.908078188085,0.17544431629,0.95437176744,0.0863150312253,30.0,11.0,14.0
50.0,0.978765858052,0.0304649472011,0.989344702167,0.0151689564302,300.0,14.0,17.0
45.0,0.978345528946,0.0361198052808,0.989277885576,0.0188978583687,180.0,8.0,11.0
30.0,0.976401488654,0.0207619607155,0.988150910387,0.0105863216201,120.0,14.0,17.0
40.0,0.957808347816,0.0419175636456,0.978902380964,0.0217141394822,60.0,6.0,9.0
30.0,0.969047927273,0.04199576758,0.984475026681,0.0208902899376,90.0,13.0,16.0
35.0,0.97978186471,0.0368264997707,0.989704137584,0.0188203576862,150.0,10.0,13.0
30.0,0.913189794069,0.114044622753,0.95689318804,0.0567484383291,30.0,13.0,16.0
10.0,0.96971729235,0.0324109025236,0.984857185722,0.0164139373354,90.0,13.0,16.0
25.0,0.907254053713,0.124236769106,0.954338746105,0.0602654658866,30.0,8.0,11.0
50.0,0.980807086157,0.0228824075769,0.990463372561,0.0109276884386,300.0,13.0,16.0
40.0,0.978664954647,0.0249691324358,0.989342526541,0.0122219400883,150.0,13.0,16.0
15.0,0.907276460134,0.0914137298827,0.954421624834,0.0490155193701,30.0,7.0,10.0
5.0,0.918614003938,0.067982307478,0.958964432252,0.0352044233186,150.0,6.0,9.0
15.0,0.910302688443,0.106773987947,0.954347832248,0.0525285516926,30.0,6.0,9.0
25.0,0.97862914219,0.0388834759669,0.989262057481,0.0193234153257,120.0,11.0,14.0
40.0,0.982492273702,0.0201813948656,0.991309268695,0.0100440396469,300.0,12.0,15.0
35.0,0.97838899327,0.0324688042975,0.989163206496,0.0155381857837,270.0,14.0,17.0
15.0,0.967398485944,0.0317768812138,0.983408207275,0.0167660588993,300.0,8.0,11.0
40.0,0.979751718394,0.036435503143,0.989673542258,0.0188762774594,270.0,9.0,12.0
40.0,0.981004502096,0.0266077121167,0.990561343865,0.0136518627579,270.0,12.0,15.0
15.0,0.945863281514,0.053800457496,0.972680035238,0.024920815078,150.0,6.0,9.0
40.0,0.973953548629,0.0290620526556,0.986978233506,0.0150417447229,150.0,15.0,18.0
20.0,0.954334146262,0.0570730986744,0.977250023382,0.0261468829789,60.0,14.0,17.0
45.0,0.978832420553,0.0206900513365,0.989581101389,0.0100952122062,210.0,14.0,17.0
5.0,0.906825215321,0.138750474557,0.953377740661,0.0668320816979,30.0,8.0,11.0
10.0,0.954402998325,0.0434140208281,0.977078157149,0.0226228980163,270.0,7.0,10.0
40.0,0.968805490485,0.0447281485049,0.984574943953,0.0216135658065,90.0,8.0,11.0
20.0,0.981672438448,0.0245590493217,0.99079781392,0.0125794888343,300.0,11.0,14.0
20.0,0.979319504705,0.0190382130648,0.989615625004,0.0100347617843,240.0,13.0,16.0
20.0,0.980834997842,0.022799724161,0.990438963311,0.0117731352669,180.0,11.0,14.0
45.0,0.954352950606,0.0622466661644,0.977277031251,0.0293662693798,90.0,6.0,9.0
5.0,0.955719522643,0.0479409212514,0.977584975048,0.0229239798977,180.0,9.0,12.0
30.0,0.976536480969,0.0281835955796,0.988409577615,0.0145485913389,270.0,8.0,11.0
40.0,0.975986984246,0.032141033669,0.988092559951,0.0168858156696,120.0,8.0,11.0
30.0,0.981258965327,0.0273748997916,0.990673815732,0.0140089505465,240.0,12.0,15.0
20.0,0.97620821938,0.0233478406787,0.987959194062,0.0112466016116,120.0,9.0,12.0
30.0,0.979783941275,0.0192131826488,0.989885445294,0.00942050983511,150.0,13.0,16.0
30.0,0.976901349136,0.0310449800176,0.988441387544,0.0154349141704,180.0,14.0,17.0
50.0,0.980458555827,0.0327755636735,0.990091698449,0.0165649647323,240.0,10.0,13.0
15.0,0.949883752242,0.110624807521,0.975776443113,0.0498195761165,120.0,7.0,10.0
15.0,0.959690039527,0.0542932405707,0.979401820764,0.0264155076578,60.0,11.0,14.0
50.0,0.904011604492,0.162118994092,0.952759928331,0.079101102582,30.0,9.0,12.0
30.0,0.968528926439,0.0479073964056,0.984568824661,0.0223247390746,150.0,7.0,10.0
25.0,0.971036591071,0.0460604841036,0.985724328244,0.0216183296703,120.0,8.0,11.0
10.0,0.96783030696,0.0303350988358,0.983812863333,0.014876972189,150.0,9.0,12.0
50.0,0.976258362194,0.0345740007672,0.98796381524,0.0179649191933,180.0,8.0,11.0
30.0,0.954424826697,0.0449503226429,0.977453827948,0.0220488182815,240.0,6.0,9.0
5.0,0.91624669733,0.0795766551517,0.958384682123,0.0403463578163,210.0,6.0,9.0
30.0,0.955798099195,0.0757752258918,0.977842804094,0.0357005286085,60.0,11.0,14.0
45.0,0.977898850831,0.0334895364997,0.98896334239,0.0167118233321,120.0,8.0,11.0
20.0,0.968151954643,0.0306161661753,0.983988095603,0.0152463236702,270.0,7.0,10.0
50.0,0.978886916199,0.0384927992513,0.98932288163,0.0196433270245,180.0,10.0,13.0
45.0,0.978663230058,0.0215506301686,0.989602207288,0.0109675798663,210.0,8.0,11.0
5.0,0.968869645398,0.0353631760036,0.984187333304,0.0183525325951,270.0,13.0,16.0
5.0,0.954486506378,0.0549815618788,0.977410688501,0.0264970425799,60.0,10.0,13.0
50.0,0.974412763322,0.0321488942235,0.987098511546,0.0165979106528,210.0,8.0,11.0
40.0,0.980995342088,0.0289253879354,0.990474897648,0.0150862512014,180.0,9.0,12.0
20.0,0.946758411336,0.0626086580698,0.973597981898,0.0324592695446,240.0,6.0,9.0
15.0,0.968707408008,0.0497525964764,0.984219699635,0.0249490375346,240.0,13.0,16.0
25.0,0.976796233387,0.0280666420877,0.988451532581,0.0127953081254,180.0,9.0,12.0
30.0,0.969368303281,0.044903892348,0.984717342964,0.020607696216,300.0,7.0,10.0
25.0,0.977483717563,0.0234927775237,0.98890084958,0.0119655284404,120.0,14.0,17.0
45.0,0.905865438226,0.199919135936,0.953508173344,0.0934511859011,30.0,6.0,9.0
25.0,0.933999852787,0.118518101878,0.968360545572,0.0541705954862,210.0,7.0,10.0
50.0,0.971086230294,0.0491996926373,0.985389878129,0.0251239976125,90.0,15.0,18.0
15.0,0.952523797089,0.0938779265222,0.976723277866,0.0423384012317,300.0,7.0,10.0
15.0,0.946646934414,0.0450049940946,0.972876431974,0.0205866541694,180.0,6.0,9.0
10.0,0.974577482141,0.0277249101534,0.987358775526,0.0138370938278,240.0,13.0,16.0
30.0,0.953813191117,0.0722689797229,0.977212373305,0.0340952295034,60.0,9.0,12.0
40.0,0.980116192382,0.0255753297169,0.990047534494,0.0121045414815,240.0,13.0,16.0
35.0,0.982271477675,0.0250449441207,0.991064945919,0.0128679283068,270.0,12.0,15.0
10.0,0.96794030657,0.0326114480687,0.984014219806,0.0169861607591,90.0,9.0,12.0
5.0,0.971613133559,0.0173810434009,0.985891232392,0.00859747367405,180.0,11.0,14.0
35.0,0.954035309334,0.0577871792547,0.977195083841,0.0297894115084,60.0,14.0,17.0
10.0,0.918630265212,0.0953316226451,0.959500441669,0.047038430972,30.0,11.0,14.0
30.0,0.975541470442,0.023315659307,0.987927684283,0.0118444100789,180.0,8.0,11.0
20.0,0.958674474264,0.0429401572188,0.979177760455,0.0204055648593,60.0,11.0,14.0
10.0,0.955387912729,0.0414784112844,0.977626371068,0.0199829045401,60.0,13.0,16.0
35.0,0.95285478719,0.0815979075029,0.976001526649,0.0395651304342,60.0,7.0,10.0
50.0,0.913556060966,0.171835913127,0.956565648001,0.0804360323671,30.0,15.0,18.0
45.0,0.970420046142,0.0362031191254,0.985317578938,0.0183548737745,90.0,11.0,14.0
35.0,0.98024680832,0.0241016859154,0.990082715056,0.01223782796,150.0,9.0,12.0
15.0,0.980352050691,0.0141281894055,0.990243768575,0.00694597865944,210.0,11.0,14.0
10.0,0.977485580588,0.0124396874773,0.988717963043,0.0060809322943,150.0,11.0,14.0
20.0,0.97350758733,0.0393160466043,0.986764649843,0.0186775492321,210.0,14.0,17.0
25.0,0.971288802035,0.0602763415985,0.985980638455,0.0278499692456,270.0,8.0,11.0
35.0,0.981578103857,0.0273089265541,0.990833445232,0.0135174578534,150.0,12.0,15.0
45.0,0.955716931049,0.0559629866091,0.977922498586,0.0285810822683,60.0,13.0,16.0
35.0,0.968731964523,0.0349151817824,0.98463106304,0.0157749453297,300.0,7.0,10.0
20.0,0.980651855902,0.0158619639367,0.990194888678,0.00792402991783,240.0,12.0,15.0
25.0,0.979542530408,0.0204546169309,0.989770146299,0.0101141895716,180.0,13.0,16.0
25.0,0.95320961672,0.0700746898924,0.976632056388,0.0367600082441,60.0,6.0,9.0
10.0,0.974482685034,0.0249968465884,0.987318591175,0.012633562345,180.0,10.0,13.0
45.0,0.981340515173,0.0169554472797,0.990664801404,0.00847611102409,300.0,13.0,16.0
30.0,0.970556837929,0.0558362898519,0.98517275123,0.0272152422445,90.0,12.0,15.0
35.0,0.956678524704,0.0673071458833,0.978710164018,0.0349613472976,150.0,6.0,9.0
25.0,0.953166177413,0.0941413111597,0.976454669676,0.0463627872044,60.0,7.0,10.0
45.0,0.910727858077,0.144854479669,0.955693366711,0.0693424516355,30.0,12.0,15.0
40.0,0.969053987298,0.0329916600362,0.984822258686,0.0169180292492,300.0,7.0,10.0
20.0,0.98130017482,0.0221084586532,0.990565566636,0.0115226910358,150.0,11.0,14.0
35.0,0.980365326929,0.0250632647317,0.990221311916,0.0126125358042,240.0,9.0,12.0
30.0,0.97744593597,0.025717568015,0.988651597612,0.0132157843728,270.0,14.0,17.0
50.0,0.983735473693,0.0203214882717,0.991771864146,0.00988905721743,270.0,11.0,14.0
35.0,0.97817534829,0.0277469437769,0.989217284381,0.0137187603857,150.0,14.0,17.0
5.0,0.963699981362,0.044527050856,0.982101479368,0.021383678681,300.0,14.0,17.0
25.0,0.951326226039,0.0882426155676,0.976220704826,0.0407129927131,60.0,15.0,18.0
5.0,0.959228322352,0.0454259891542,0.97956185963,0.0232532913888,180.0,10.0,13.0
5.0,0.952776987276,0.055910674306,0.976490119489,0.0283243182481,240.0,8.0,11.0
35.0,0.979634447841,0.0343848350458,0.989741236868,0.0176985391717,210.0,10.0,13.0
30.0,0.979882847769,0.0287283480382,0.989987339361,0.0144478968574,150.0,12.0,15.0
25.0,0.970703328602,0.0347327841884,0.985475294859,0.0173500970955,90.0,11.0,14.0
15.0,0.914162013984,0.165860369865,0.956219431257,0.0760554594071,30.0,15.0,18.0
30.0,0.977054878018,0.0264091547834,0.988569359756,0.0134757296926,210.0,8.0,11.0
25.0,0.969133303171,0.0509037307706,0.984760797647,0.0240841855763,150.0,15.0,18.0
10.0,0.913024652249,0.0930580496463,0.956172457281,0.0456265018724,30.0,14.0,17.0
45.0,0.982423367352,0.0264881894621,0.991097308343,0.0128361519892,150.0,12.0,15.0
30.0,0.969228560432,0.0391858471414,0.984821147123,0.0184478999574,180.0,7.0,10.0
15.0,0.966441612341,0.0474545474935,0.982791188251,0.0251688335429,180.0,8.0,11.0
25.0,0.969270902434,0.0570528949571,0.98444171785,0.0285816805155,120.0,15.0,18.0
50.0,0.972600298714,0.0365401299495,0.986359970491,0.0190025104471,270.0,7.0,10.0
25.0,0.976606459814,0.0284459777706,0.988306023106,0.0137465001832,300.0,14.0,17.0
10.0,0.973189563662,0.0243599411587,0.986654652868,0.0120134659017,150.0,10.0,13.0
40.0,0.975626015517,0.0443074277175,0.987809744891,0.0214184235279,180.0,14.0,17.0
35.0,0.957501879423,0.0676854424255,0.979355128333,0.0315148230329,90.0,6.0,9.0
5.0,0.957081807952,0.0573220083717,0.978794041371,0.0284829501443,180.0,15.0,18.0
10.0,0.955861179939,0.0423515525184,0.978351716634,0.0207928778111,60.0,12.0,15.0
10.0,0.973594372434,0.0255750437363,0.986813696787,0.0122454424681,270.0,10.0,13.0
5.0,0.957833332858,0.0343942859302,0.978878043087,0.0176501689015,90.0,15.0,18.0
35.0,0.955976098168,0.0553510969424,0.978039065477,0.026679619113,60.0,13.0,16.0
35.0,0.976696599685,0.0346820286714,0.988430805331,0.0165195737374,300.0,14.0,17.0
20.0,0.912656290821,0.114943444884,0.956492630171,0.0512583253838,30.0,12.0,15.0
20.0,0.967873893746,0.0551467229741,0.984027309261,0.0260188730556,180.0,15.0,18.0
45.0,0.978488487034,0.0174716042839,0.989315370119,0.00867689488218,300.0,8.0,11.0
30.0,0.979850740236,0.0189415906905,0.989882063809,0.00978589795691,240.0,10.0,13.0
15.0,0.976002067335,0.0245650986987,0.987936280835,0.0124381690594,270.0,12.0,15.0
20.0,0.910677844685,0.165996908557,0.954401502506,0.0726607566341,30.0,7.0,10.0
25.0,0.98148572958,0.0245880822131,0.990640824046,0.0118068261971,240.0,11.0,14.0
15.0,0.973470113727,0.0272181103329,0.986612182401,0.0133267694159,210.0,14.0,17.0
15.0,0.953841218528,0.0497993926664,0.976995179764,0.0236195340118,60.0,14.0,17.0
40.0,0.973717040393,0.0520346249832,0.986791206203,0.0245910627402,240.0,14.0,17.0
15.0,0.913263574275,0.0915861419649,0.955934101673,0.0451299359511,30.0,13.0,16.0
35.0,0.979208516065,0.0317092845914,0.989540207887,0.016536975421,180.0,10.0,13.0
5.0,0.953601541356,0.0454478372712,0.976897696392,0.02309453043,150.0,8.0,11.0
50.0,0.971652132829,0.0429786327439,0.985813006728,0.022370647219,240.0,15.0,18.0
25.0,0.951379319576,0.0794909409702,0.975646497617,0.0383775181371,60.0,8.0,11.0
20.0,0.966262604445,0.0391056377129,0.983055052901,0.0184183177834,210.0,15.0,18.0
40.0,0.980225652797,0.0252023643477,0.989957254867,0.0131607047164,150.0,9.0,12.0
10.0,0.96029466951,0.0489674826187,0.979907876901,0.0251802249831,180.0,15.0,18.0
30.0,0.953216964297,0.0486408894483,0.976634088301,0.0215143302588,90.0,6.0,9.0
20.0,0.969023129984,0.030179808529,0.984659897878,0.0158905261299,90.0,10.0,13.0
30.0,0.980836814115,0.017725231746,0.99035625392,0.00876278129874,270.0,10.0,13.0
25.0,0.978695310376,0.0239451607435,0.989229440283,0.0121365594443,120.0,9.0,12.0
45.0,0.984219751491,0.0236895719739,0.992107319198,0.0116368652191,210.0,11.0,14.0
40.0,0.9813427252,0.0235309692884,0.990484199595,0.0122799590236,210.0,10.0,13.0
15.0,0.976668697492,0.0193905379701,0.98808055275,0.00998241191101,150.0,10.0,13.0
10.0,0.964056948988,0.0275965851803,0.982021854368,0.0137611995236,300.0,8.0,11.0
5.0,0.971068004254,0.0252279465026,0.985608224271,0.0127385040533,120.0,12.0,15.0
20.0,0.972875562985,0.0449033012982,0.986524257593,0.0216180278389,150.0,14.0,17.0
35.0,0.980053155834,0.0271339397758,0.989984023888,0.0138031354707,210.0,13.0,16.0
40.0,0.982682262335,0.0221312429592,0.991353435235,0.0113589696346,150.0,11.0,14.0
15.0,0.97212304695,0.0326214503193,0.98580513998,0.0173179016384,210.0,9.0,12.0
40.0,0.976563567099,0.0522730119416,0.98831336416,0.0244173690719,210.0,14.0,17.0
40.0,0.980374195362,0.0264631009583,0.990078057082,0.0132979356992,270.0,13.0,16.0
35.0,0.913192991176,0.120995528197,0.956017239632,0.0634522167845,30.0,12.0,15.0
30.0,0.95610191065,0.0595663899491,0.977956740749,0.0275433980019,60.0,13.0,16.0
20.0,0.954982584872,0.0619096245589,0.977533204863,0.0302564076761,60.0,8.0,11.0
20.0,0.967294703486,0.0357500452925,0.983536774481,0.017179318307,300.0,7.0,10.0
50.0,0.976533386415,0.034455164224,0.988118199615,0.0165965272736,120.0,11.0,14.0
45.0,0.980219600298,0.0273298922584,0.989999133363,0.0129699978861,210.0,9.0,12.0
45.0,0.973024496438,0.0451071942588,0.986190934719,0.0233873136585,270.0,10.0,13.0
35.0,0.976525098657,0.0272761319424,0.988411327291,0.0128927758088,210.0,8.0,11.0
30.0,0.956603229079,0.0479692105811,0.978653305843,0.0236671627776,300.0,6.0,9.0
20.0,0.973757011432,0.0398591433443,0.987150094438,0.0189177087397,180.0,14.0,17.0
25.0,0.978783778633,0.0258655318259,0.989417039993,0.0122955208043,270.0,13.0,16.0
10.0,0.932706001099,0.0664796992528,0.965750634037,0.0354135053147,210.0,6.0,9.0
20.0,0.97732279595,0.0323394000215,0.988506100312,0.0167710456344,270.0,10.0,13.0
40.0,0.982904932868,0.018269744589,0.991542675122,0.00931507916186,210.0,11.0,14.0
50.0,0.957234125041,0.0512166067029,0.978682550167,0.0247227768696,60.0,12.0,15.0
25.0,0.955206373899,0.0699899989869,0.977348730944,0.0357093218374,270.0,6.0,9.0
40.0,0.913980890549,0.12887970706,0.957235789875,0.0556488823564,30.0,12.0,15.0
45.0,0.954087150176,0.0911053921892,0.977131552328,0.0440763844737,60.0,7.0,10.0
15.0,0.947047894502,0.0520211757723,0.973544216274,0.0244503003279,120.0,6.0,9.0
50.0,0.977437421476,0.0435368967559,0.988680154976,0.0207101148517,120.0,13.0,16.0
50.0,0.978739247567,0.0227664912842,0.989418129466,0.0113786717539,180.0,14.0,17.0
40.0,0.979827774278,0.020418808853,0.989875385106,0.0101730306417,180.0,13.0,16.0
15.0,0.970161862296,0.0339481962012,0.984841158701,0.0176800733797,180.0,9.0,12.0
45.0,0.979160428437,0.0199816523699,0.989515095656,0.00998115331439,300.0,14.0,17.0
5.0,0.970677202445,0.0290288990805,0.985421428304,0.0146452462512,270.0,12.0,15.0
30.0,0.977231455623,0.0359004643962,0.988463727899,0.0181630641153,120.0,11.0,14.0
20.0,0.963754410914,0.0621519471669,0.982211444533,0.0291971019766,270.0,8.0,11.0
45.0,0.972274900852,0.0356823465878,0.986131172437,0.0181089445569,120.0,15.0,18.0
10.0,0.954063338413,0.0503587158545,0.977094118729,0.0247054744443,60.0,15.0,18.0
35.0,0.972914154318,0.0352668133056,0.986433195928,0.0183991264258,150.0,15.0,18.0
40.0,0.97559022389,0.0368786387125,0.987818827842,0.0192983839376,300.0,8.0,11.0
45.0,0.975668571753,0.04120522425,0.987718881691,0.0212761719283,150.0,10.0,13.0
30.0,0.981078433336,0.0179584362013,0.990568088894,0.00910284247737,300.0,10.0,13.0
30.0,0.982376634193,0.0209287713585,0.991253530061,0.00993877641431,240.0,11.0,14.0
20.0,0.955930375048,0.056315888846,0.977688277565,0.0268183533903,60.0,13.0,16.0
5.0,0.956626131828,0.0486428450524,0.978027978582,0.0246566638851,240.0,15.0,18.0
45.0,0.912708486073,0.131785990967,0.95574705444,0.0634607830562,30.0,15.0,18.0
35.0,0.971833196896,0.0445394001445,0.985734014404,0.0229225000849,270.0,15.0,18.0
30.0,0.956327889341,0.046592696204,0.978320838461,0.0241193610746,60.0,14.0,17.0
50.0,0.977967135058,0.0305927587881,0.989062806384,0.0154871994829,120.0,12.0,15.0
